imagen,cantidad,rutas
1187-303-5881-86347.jpg,2,\\10.18.3.1\home\img_art\1187-303-5881-86347.jpg | \\10.18.3.1\home\img_art\c08cef94c9cb4143a9e72bfacd5c6cdf\1187-303-5881-86347.jpg
1187-303-7286-15745.jpg,2,\\10.18.3.1\home\img_art\1187-303-7286-15745.jpg | \\10.18.3.1\home\img_art\c08cef94c9cb4143a9e72bfacd5c6cdf\1187-303-7286-15745.jpg
1187-303-7286-16072.jpg,2,\\10.18.3.1\home\img_art\1187-303-7286-16072.jpg | \\10.18.3.1\home\img_art\c08cef94c9cb4143a9e72bfacd5c6cdf\1187-303-7286-16072.jpg
1187-303-7286-29452.jpg,2,\\10.18.3.1\home\img_art\1187-303-7286-29452.jpg | \\10.18.3.1\home\img_art\c08cef94c9cb4143a9e72bfacd5c6cdf\1187-303-7286-29452.jpg
1187-303-7286-86347.jpg,2,\\10.18.3.1\home\img_art\1187-303-7286-86347.jpg | \\10.18.3.1\home\img_art\c08cef94c9cb4143a9e72bfacd5c6cdf\1187-303-7286-86347.jpg
1187-303-7286-95373.jpg,2,\\10.18.3.1\home\img_art\1187-303-7286-95373.jpg | \\10.18.3.1\home\img_art\c08cef94c9cb4143a9e72bfacd5c6cdf\1187-303-7286-95373.jpg
1206-261-7286-89521.jpg,2,\\10.18.3.1\home\img_art\1206-261-7286-89521.jpg | \\10.18.3.1\home\img_art\c08cef94c9cb4143a9e72bfacd5c6cdf\1206-261-7286-89521.jpg
1220-315-7286-86347.jpg,2,\\10.18.3.1\home\img_art\1220-315-7286-86347.jpg | \\10.18.3.1\home\img_art\c08cef94c9cb4143a9e72bfacd5c6cdf\1220-315-7286-86347.jpg
1220-315-7286-89521.jpg,2,\\10.18.3.1\home\img_art\1220-315-7286-89521.jpg | \\10.18.3.1\home\img_art\c08cef94c9cb4143a9e72bfacd5c6cdf\1220-315-7286-89521.jpg
1389-120-28541-99150.jpg,2,\\10.18.3.1\home\img_art\1389-120-28541-99150.jpg | \\10.18.3.1\home\img_art\c08cef94c9cb4143a9e72bfacd5c6cdf\1389-120-28541-99150.jpg
1430-109-29789-102764.jpg,2,\\10.18.3.1\home\img_art\1430-109-29789-102764.jpg | \\10.18.3.1\home\img_art\c08cef94c9cb4143a9e72bfacd5c6cdf\1430-109-29789-102764.jpg
1440-106-29568-15745.jpg,2,\\10.18.3.1\home\img_art\1440-106-29568-15745.jpg | \\10.18.3.1\home\img_art\c08cef94c9cb4143a9e72bfacd5c6cdf\1440-106-29568-15745.jpg
1440-106-29568-16072.jpg,2,\\10.18.3.1\home\img_art\1440-106-29568-16072.jpg | \\10.18.3.1\home\img_art\c08cef94c9cb4143a9e72bfacd5c6cdf\1440-106-29568-16072.jpg
1453-102-29711-15745.jpg,2,\\10.18.3.1\home\img_art\1453-102-29711-15745.jpg | \\10.18.3.1\home\img_art\c08cef94c9cb4143a9e72bfacd5c6cdf\1453-102-29711-15745.jpg
1840-301-7286-15745.jpg,2,\\10.18.3.1\home\img_art\1840-301-7286-15745.jpg | \\10.18.3.1\home\img_art\c08cef94c9cb4143a9e72bfacd5c6cdf\1840-301-7286-15745.jpg
2127-223-23580-15745.jpg,2,\\10.18.3.1\home\img_art\2127-223-23580-15745.jpg | \\10.18.3.1\home\img_art\c08cef94c9cb4143a9e72bfacd5c6cdf\2127-223-23580-15745.jpg
2127-223-23580-35312.jpg,2,\\10.18.3.1\home\img_art\2127-223-23580-35312.jpg | \\10.18.3.1\home\img_art\c08cef94c9cb4143a9e72bfacd5c6cdf\2127-223-23580-35312.jpg
2127-223-23580-78276.jpg,2,\\10.18.3.1\home\img_art\2127-223-23580-78276.jpg | \\10.18.3.1\home\img_art\c08cef94c9cb4143a9e72bfacd5c6cdf\2127-223-23580-78276.jpg
2135-662-13958-72736.jpg,2,\\10.18.3.1\home\img_art\2135-662-13958-72736.jpg | \\10.18.3.1\home\img_art\-101\2135-662-13958-72736.jpg
2140-746-24995-15745.jpg,2,\\10.18.3.1\home\img_art\2140-746-24995-15745.jpg | \\10.18.3.1\home\img_art\-101\2140-746-24995-15745.jpg
2140-746-24995-43747.jpg,2,\\10.18.3.1\home\img_art\2140-746-24995-43747.jpg | \\10.18.3.1\home\img_art\-101\2140-746-24995-43747.jpg
2157-1091-29486-100015.jpg,2,\\10.18.3.1\home\img_art\2157-1091-29486-100015.jpg | \\10.18.3.1\home\img_art\-101\2157-1091-29486-100015.jpg
2157-1091-29486-15745.jpg,2,\\10.18.3.1\home\img_art\2157-1091-29486-15745.jpg | \\10.18.3.1\home\img_art\-101\2157-1091-29486-15745.jpg
2157-1094-9569-16072.jpg,2,\\10.18.3.1\home\img_art\2157-1094-9569-16072.jpg | \\10.18.3.1\home\img_art\-101\2157-1094-9569-16072.jpg
2157-1097-29208-78276.jpg,2,\\10.18.3.1\home\img_art\2157-1097-29208-78276.jpg | \\10.18.3.1\home\img_art\-101\2157-1097-29208-78276.jpg
2182-100-27263-95676.jpg,2,\\10.18.3.1\home\img_art\2182-100-27263-95676.jpg | \\10.18.3.1\home\img_art\c08cef94c9cb4143a9e72bfacd5c6cdf\2182-100-27263-95676.jpg
2182-100-29337-15745.jpg,2,\\10.18.3.1\home\img_art\2182-100-29337-15745.jpg | \\10.18.3.1\home\img_art\c08cef94c9cb4143a9e72bfacd5c6cdf\2182-100-29337-15745.jpg
2182-109-29337-15745.jpg,2,\\10.18.3.1\home\img_art\2182-109-29337-15745.jpg | \\10.18.3.1\home\img_art\c08cef94c9cb4143a9e72bfacd5c6cdf\2182-109-29337-15745.jpg
2182-111-23654-100196.jpg,2,\\10.18.3.1\home\img_art\2182-111-23654-100196.jpg | \\10.18.3.1\home\img_art\c08cef94c9cb4143a9e72bfacd5c6cdf\2182-111-23654-100196.jpg
2182-111-27401-15745.jpg,2,\\10.18.3.1\home\img_art\2182-111-27401-15745.jpg | \\10.18.3.1\home\img_art\c08cef94c9cb4143a9e72bfacd5c6cdf\2182-111-27401-15745.jpg
2182-111-27401-35312.jpg,2,\\10.18.3.1\home\img_art\2182-111-27401-35312.jpg | \\10.18.3.1\home\img_art\c08cef94c9cb4143a9e72bfacd5c6cdf\2182-111-27401-35312.jpg
2182-300-29337-95669.jpg,2,\\10.18.3.1\home\img_art\2182-300-29337-95669.jpg | \\10.18.3.1\home\img_art\c08cef94c9cb4143a9e72bfacd5c6cdf\2182-300-29337-95669.jpg
2184-100-29320-15745.jpg,2,\\10.18.3.1\home\img_art\2184-100-29320-15745.jpg | \\10.18.3.1\home\img_art\c08cef94c9cb4143a9e72bfacd5c6cdf\2184-100-29320-15745.jpg
2184-100-29320-78276.jpg,2,\\10.18.3.1\home\img_art\2184-100-29320-78276.jpg | \\10.18.3.1\home\img_art\c08cef94c9cb4143a9e72bfacd5c6cdf\2184-100-29320-78276.jpg
2184-100-29320-83517.jpg,2,\\10.18.3.1\home\img_art\2184-100-29320-83517.jpg | \\10.18.3.1\home\img_art\c08cef94c9cb4143a9e72bfacd5c6cdf\2184-100-29320-83517.jpg
2184-101-23580-15745.jpg,2,\\10.18.3.1\home\img_art\2184-101-23580-15745.jpg | \\10.18.3.1\home\img_art\c08cef94c9cb4143a9e72bfacd5c6cdf\2184-101-23580-15745.jpg
2184-101-23580-35312.jpg,2,\\10.18.3.1\home\img_art\2184-101-23580-35312.jpg | \\10.18.3.1\home\img_art\c08cef94c9cb4143a9e72bfacd5c6cdf\2184-101-23580-35312.jpg
2184-101-23580-78276.jpg,2,\\10.18.3.1\home\img_art\2184-101-23580-78276.jpg | \\10.18.3.1\home\img_art\c08cef94c9cb4143a9e72bfacd5c6cdf\2184-101-23580-78276.jpg
2270-113-29219-95991.jpg,2,\\10.18.3.1\home\img_art\2270-113-29219-95991.jpg | \\10.18.3.1\home\img_art\c08cef94c9cb4143a9e72bfacd5c6cdf\2270-113-29219-95991.jpg
2274-112-26996-99009.jpg,2,\\10.18.3.1\home\img_art\2274-112-26996-99009.jpg | \\10.18.3.1\home\img_art\c08cef94c9cb4143a9e72bfacd5c6cdf\2274-112-26996-99009.jpg
2275-107-27080-15745.jpg,2,\\10.18.3.1\home\img_art\2275-107-27080-15745.jpg | \\10.18.3.1\home\img_art\c08cef94c9cb4143a9e72bfacd5c6cdf\2275-107-27080-15745.jpg
2275-121-27615-102137.jpg,2,\\10.18.3.1\home\img_art\2275-121-27615-102137.jpg | \\10.18.3.1\home\img_art\c08cef94c9cb4143a9e72bfacd5c6cdf\2275-121-27615-102137.jpg
2275-121-27615-43122.jpg,2,\\10.18.3.1\home\img_art\2275-121-27615-43122.jpg | \\10.18.3.1\home\img_art\c08cef94c9cb4143a9e72bfacd5c6cdf\2275-121-27615-43122.jpg
2275-202-27080-95871.jpg,2,\\10.18.3.1\home\img_art\2275-202-27080-95871.jpg | \\10.18.3.1\home\img_art\c08cef94c9cb4143a9e72bfacd5c6cdf\2275-202-27080-95871.jpg
2276-214-29240-93249.jpg,2,\\10.18.3.1\home\img_art\2276-214-29240-93249.jpg | \\10.18.3.1\home\img_art\c08cef94c9cb4143a9e72bfacd5c6cdf\2276-214-29240-93249.jpg
2289-106-27395-43122.jpg,2,\\10.18.3.1\home\img_art\2289-106-27395-43122.jpg | \\10.18.3.1\home\img_art\c08cef94c9cb4143a9e72bfacd5c6cdf\2289-106-27395-43122.jpg
2298-203-29216-15745.jpg,2,\\10.18.3.1\home\img_art\2298-203-29216-15745.jpg | \\10.18.3.1\home\img_art\c08cef94c9cb4143a9e72bfacd5c6cdf\2298-203-29216-15745.jpg
2305-1512-9569-16072.jpg,2,\\10.18.3.1\home\img_art\2305-1512-9569-16072.jpg | \\10.18.3.1\home\img_art\-101\2305-1512-9569-16072.jpg
2305-1512-9569-78276.jpg,2,\\10.18.3.1\home\img_art\2305-1512-9569-78276.jpg | \\10.18.3.1\home\img_art\-101\2305-1512-9569-78276.jpg
2352-107-29461-101732.jpg,2,\\10.18.3.1\home\img_art\2352-107-29461-101732.jpg | \\10.18.3.1\home\img_art\-101\2352-107-29461-101732.jpg
2352-112-9569-16072.jpg,2,\\10.18.3.1\home\img_art\2352-112-9569-16072.jpg | \\10.18.3.1\home\img_art\-101\2352-112-9569-16072.jpg
2352-112-9569-78276.jpg,2,\\10.18.3.1\home\img_art\2352-112-9569-78276.jpg | \\10.18.3.1\home\img_art\-101\2352-112-9569-78276.jpg
2352-116-29443-89869.jpg,2,\\10.18.3.1\home\img_art\2352-116-29443-89869.jpg | \\10.18.3.1\home\img_art\-101\2352-116-29443-89869.jpg
2354-108-28983-100399.jpg,2,\\10.18.3.1\home\img_art\2354-108-28983-100399.jpg | \\10.18.3.1\home\img_art\-101\2354-108-28983-100399.jpg
2354-108-28983-100471.jpg,2,\\10.18.3.1\home\img_art\2354-108-28983-100471.jpg | \\10.18.3.1\home\img_art\-101\2354-108-28983-100471.jpg
2354-118-28576-97250.jpg,2,\\10.18.3.1\home\img_art\2354-118-28576-97250.jpg | \\10.18.3.1\home\img_art\-101\2354-118-28576-97250.jpg
2354-118-28576-99212.jpg,2,\\10.18.3.1\home\img_art\2354-118-28576-99212.jpg | \\10.18.3.1\home\img_art\-101\2354-118-28576-99212.jpg
2357-103-19217-66.jpg,2,\\10.18.3.1\home\img_art\2357-103-19217-66.jpg | \\10.18.3.1\home\img_art\-101\2357-103-19217-66.jpg
2357-103-28503-66.jpg,2,\\10.18.3.1\home\img_art\2357-103-28503-66.jpg | \\10.18.3.1\home\img_art\-101\2357-103-28503-66.jpg
2357-108-27852-100108.jpg,2,\\10.18.3.1\home\img_art\2357-108-27852-100108.jpg | \\10.18.3.1\home\img_art\-101\2357-108-27852-100108.jpg
2357-108-28496-97266.jpg,2,\\10.18.3.1\home\img_art\2357-108-28496-97266.jpg | \\10.18.3.1\home\img_art\-101\2357-108-28496-97266.jpg
2358-100-28245-92440.jpg,2,\\10.18.3.1\home\img_art\2358-100-28245-92440.jpg | \\10.18.3.1\home\img_art\-101\2358-100-28245-92440.jpg
2361-200-9569-78276.jpg,2,\\10.18.3.1\home\img_art\2361-200-9569-78276.jpg | \\10.18.3.1\home\img_art\-101\2361-200-9569-78276.jpg
2361-202-28633-101961.jpg,2,\\10.18.3.1\home\img_art\2361-202-28633-101961.jpg | \\10.18.3.1\home\img_art\-101\2361-202-28633-101961.jpg
2361-202-28633-99437.jpg,2,\\10.18.3.1\home\img_art\2361-202-28633-99437.jpg | \\10.18.3.1\home\img_art\-101\2361-202-28633-99437.jpg
2361-206-29193-78276.jpg,2,\\10.18.3.1\home\img_art\2361-206-29193-78276.jpg | \\10.18.3.1\home\img_art\-101\2361-206-29193-78276.jpg
2362-106-28335-15745.jpg,2,\\10.18.3.1\home\img_art\2362-106-28335-15745.jpg | \\10.18.3.1\home\img_art\-101\2362-106-28335-15745.jpg
2400-139-13958-15787.jpg,2,\\10.18.3.1\home\img_art\2400-139-13958-15787.jpg | \\10.18.3.1\home\img_art\-101\2400-139-13958-15787.jpg
2400-139-13958-72436.jpg,2,\\10.18.3.1\home\img_art\2400-139-13958-72436.jpg | \\10.18.3.1\home\img_art\-101\2400-139-13958-72436.jpg
2400-139-13958-78819.jpg,2,\\10.18.3.1\home\img_art\2400-139-13958-78819.jpg | \\10.18.3.1\home\img_art\-101\2400-139-13958-78819.jpg
2400-164-13958-100003.jpg,2,\\10.18.3.1\home\img_art\2400-164-13958-100003.jpg | \\10.18.3.1\home\img_art\-101\2400-164-13958-100003.jpg
2400-164-13958-72823.jpg,2,\\10.18.3.1\home\img_art\2400-164-13958-72823.jpg | \\10.18.3.1\home\img_art\-101\2400-164-13958-72823.jpg
2400-164-13958-72826.jpg,2,\\10.18.3.1\home\img_art\2400-164-13958-72826.jpg | \\10.18.3.1\home\img_art\-101\2400-164-13958-72826.jpg
2400-364-15212-33300.jpg,2,\\10.18.3.1\home\img_art\2400-364-15212-33300.jpg | \\10.18.3.1\home\img_art\-101\2400-364-15212-33300.jpg
2400-364-15212-43747.jpg,2,\\10.18.3.1\home\img_art\2400-364-15212-43747.jpg | \\10.18.3.1\home\img_art\-101\2400-364-15212-43747.jpg
2400-364-15212-67670.jpg,2,\\10.18.3.1\home\img_art\2400-364-15212-67670.jpg | \\10.18.3.1\home\img_art\-101\2400-364-15212-67670.jpg
2402-737-24995-15745.jpg,2,\\10.18.3.1\home\img_art\2402-737-24995-15745.jpg | \\10.18.3.1\home\img_art\-101\2402-737-24995-15745.jpg
2402-741-26996-72436.jpg,2,\\10.18.3.1\home\img_art\2402-741-26996-72436.jpg | \\10.18.3.1\home\img_art\-101\2402-741-26996-72436.jpg
2402-741-26996-72826.jpg,2,\\10.18.3.1\home\img_art\2402-741-26996-72826.jpg | \\10.18.3.1\home\img_art\-101\2402-741-26996-72826.jpg
2402-741-26996-95333.jpg,2,\\10.18.3.1\home\img_art\2402-741-26996-95333.jpg | \\10.18.3.1\home\img_art\-101\2402-741-26996-95333.jpg
2402-744-13958-43747.jpg,2,\\10.18.3.1\home\img_art\2402-744-13958-43747.jpg | \\10.18.3.1\home\img_art\-101\2402-744-13958-43747.jpg
2402-744-13958-46837.jpg,2,\\10.18.3.1\home\img_art\2402-744-13958-46837.jpg | \\10.18.3.1\home\img_art\-101\2402-744-13958-46837.jpg
2402-745-17063-72823.jpg,2,\\10.18.3.1\home\img_art\2402-745-17063-72823.jpg | \\10.18.3.1\home\img_art\-101\2402-745-17063-72823.jpg
2402-745-17063-72828.jpg,2,\\10.18.3.1\home\img_art\2402-745-17063-72828.jpg | \\10.18.3.1\home\img_art\-101\2402-745-17063-72828.jpg
2566-108-9569-35312.jpg,2,\\10.18.3.1\home\img_art\2566-108-9569-35312.jpg | \\10.18.3.1\home\img_art\c08cef94c9cb4143a9e72bfacd5c6cdf\2566-108-9569-35312.jpg
2566-109-14710-66.jpg,2,\\10.18.3.1\home\img_art\2566-109-14710-66.jpg | \\10.18.3.1\home\img_art\c08cef94c9cb4143a9e72bfacd5c6cdf\2566-109-14710-66.jpg
2580-102-28656-15745.jpg,2,\\10.18.3.1\home\img_art\2580-102-28656-15745.jpg | \\10.18.3.1\home\img_art\c08cef94c9cb4143a9e72bfacd5c6cdf\2580-102-28656-15745.jpg
2580-102-28656-78968.jpg,2,\\10.18.3.1\home\img_art\2580-102-28656-78968.jpg | \\10.18.3.1\home\img_art\c08cef94c9cb4143a9e72bfacd5c6cdf\2580-102-28656-78968.jpg
2619-213-13958-72823.jpg,2,\\10.18.3.1\home\img_art\2619-213-13958-72823.jpg | \\10.18.3.1\home\img_art\-101\2619-213-13958-72823.jpg
2636-204-13958-15745.jpg,2,\\10.18.3.1\home\img_art\2636-204-13958-15745.jpg | \\10.18.3.1\home\img_art\-101\2636-204-13958-15745.jpg
2636-204-13958-72022.jpg,2,\\10.18.3.1\home\img_art\2636-204-13958-72022.jpg | \\10.18.3.1\home\img_art\-101\2636-204-13958-72022.jpg
2636-205-13958-100035.jpg,2,\\10.18.3.1\home\img_art\2636-205-13958-100035.jpg | \\10.18.3.1\home\img_art\-101\2636-205-13958-100035.jpg
2714-222-28335-78276.jpg,2,\\10.18.3.1\home\img_art\2714-222-28335-78276.jpg | \\10.18.3.1\home\img_art\-101\2714-222-28335-78276.jpg
2714-222-28335-83517.jpg,2,\\10.18.3.1\home\img_art\2714-222-28335-83517.jpg | \\10.18.3.1\home\img_art\-101\2714-222-28335-83517.jpg
2714-229-28880-97247.jpg,2,\\10.18.3.1\home\img_art\2714-229-28880-97247.jpg | \\10.18.3.1\home\img_art\-101\2714-229-28880-97247.jpg
2724-112-27423-66.jpg,2,\\10.18.3.1\home\img_art\2724-112-27423-66.jpg | \\10.18.3.1\home\img_art\-101\2724-112-27423-66.jpg
2724-117-9921-15745.jpg,2,\\10.18.3.1\home\img_art\2724-117-9921-15745.jpg | \\10.18.3.1\home\img_art\-101\2724-117-9921-15745.jpg
2724-117-9921-78276.jpg,2,\\10.18.3.1\home\img_art\2724-117-9921-78276.jpg | \\10.18.3.1\home\img_art\-101\2724-117-9921-78276.jpg
2733-107-29467-101765.jpg,2,\\10.18.3.1\home\img_art\2733-107-29467-101765.jpg | \\10.18.3.1\home\img_art\-101\2733-107-29467-101765.jpg
2733-108-9569-35312.jpg,2,\\10.18.3.1\home\img_art\2733-108-9569-35312.jpg | \\10.18.3.1\home\img_art\-101\2733-108-9569-35312.jpg
2733-108-9569-78276.jpg,2,\\10.18.3.1\home\img_art\2733-108-9569-78276.jpg | \\10.18.3.1\home\img_art\-101\2733-108-9569-78276.jpg
2733-109-9569-35312.jpg,2,\\10.18.3.1\home\img_art\2733-109-9569-35312.jpg | \\10.18.3.1\home\img_art\-101\2733-109-9569-35312.jpg
2734-104-24830-78984.jpg,2,\\10.18.3.1\home\img_art\2734-104-24830-78984.jpg | \\10.18.3.1\home\img_art\-101\2734-104-24830-78984.jpg
2734-104-28496-99087.jpg,2,\\10.18.3.1\home\img_art\2734-104-28496-99087.jpg | \\10.18.3.1\home\img_art\-101\2734-104-28496-99087.jpg
3049-219-23572-15745.jpg,2,\\10.18.3.1\home\img_art\3049-219-23572-15745.jpg | \\10.18.3.1\home\img_art\c08cef94c9cb4143a9e72bfacd5c6cdf\3049-219-23572-15745.jpg
3049-219-23572-95669.jpg,2,\\10.18.3.1\home\img_art\3049-219-23572-95669.jpg | \\10.18.3.1\home\img_art\c08cef94c9cb4143a9e72bfacd5c6cdf\3049-219-23572-95669.jpg
3049-219-23580-84081.jpg,2,\\10.18.3.1\home\img_art\3049-219-23580-84081.jpg | \\10.18.3.1\home\img_art\c08cef94c9cb4143a9e72bfacd5c6cdf\3049-219-23580-84081.jpg
3049-250-23572-15745.jpg,2,\\10.18.3.1\home\img_art\3049-250-23572-15745.jpg | \\10.18.3.1\home\img_art\c08cef94c9cb4143a9e72bfacd5c6cdf\3049-250-23572-15745.jpg
3049-250-23572-95669.jpg,2,\\10.18.3.1\home\img_art\3049-250-23572-95669.jpg | \\10.18.3.1\home\img_art\c08cef94c9cb4143a9e72bfacd5c6cdf\3049-250-23572-95669.jpg
3070-108-20081-15745.jpg,2,\\10.18.3.1\home\img_art\3070-108-20081-15745.jpg | \\10.18.3.1\home\img_art\c08cef94c9cb4143a9e72bfacd5c6cdf\3070-108-20081-15745.jpg
3070-108-20081-72374.jpg,2,\\10.18.3.1\home\img_art\3070-108-20081-72374.jpg | \\10.18.3.1\home\img_art\c08cef94c9cb4143a9e72bfacd5c6cdf\3070-108-20081-72374.jpg
3070-112-21665-100214.jpg,2,\\10.18.3.1\home\img_art\3070-112-21665-100214.jpg | \\10.18.3.1\home\img_art\c08cef94c9cb4143a9e72bfacd5c6cdf\3070-112-21665-100214.jpg
3070-112-21665-15745.jpg,2,\\10.18.3.1\home\img_art\3070-112-21665-15745.jpg | \\10.18.3.1\home\img_art\c08cef94c9cb4143a9e72bfacd5c6cdf\3070-112-21665-15745.jpg
3070-112-23655-35312.jpg,2,\\10.18.3.1\home\img_art\3070-112-23655-35312.jpg | \\10.18.3.1\home\img_art\c08cef94c9cb4143a9e72bfacd5c6cdf\3070-112-23655-35312.jpg
3077-123-23581-15745.jpg,2,\\10.18.3.1\home\img_art\3077-123-23581-15745.jpg | \\10.18.3.1\home\img_art\c08cef94c9cb4143a9e72bfacd5c6cdf\3077-123-23581-15745.jpg
3098-100-20081-15745.jpg,2,\\10.18.3.1\home\img_art\3098-100-20081-15745.jpg | \\10.18.3.1\home\img_art\c08cef94c9cb4143a9e72bfacd5c6cdf\3098-100-20081-15745.jpg
3098-100-23572-15745.jpg,2,\\10.18.3.1\home\img_art\3098-100-23572-15745.jpg | \\10.18.3.1\home\img_art\c08cef94c9cb4143a9e72bfacd5c6cdf\3098-100-23572-15745.jpg
3098-100-23572-83508.jpg,2,\\10.18.3.1\home\img_art\3098-100-23572-83508.jpg | \\10.18.3.1\home\img_art\c08cef94c9cb4143a9e72bfacd5c6cdf\3098-100-23572-83508.jpg
3098-107-23580-15745.jpg,2,\\10.18.3.1\home\img_art\3098-107-23580-15745.jpg | \\10.18.3.1\home\img_art\c08cef94c9cb4143a9e72bfacd5c6cdf\3098-107-23580-15745.jpg
3098-107-23580-83508.jpg,2,\\10.18.3.1\home\img_art\3098-107-23580-83508.jpg | \\10.18.3.1\home\img_art\c08cef94c9cb4143a9e72bfacd5c6cdf\3098-107-23580-83508.jpg
3105-100-20081-100214.jpg,2,\\10.18.3.1\home\img_art\3105-100-20081-100214.jpg | \\10.18.3.1\home\img_art\c08cef94c9cb4143a9e72bfacd5c6cdf\3105-100-20081-100214.jpg
4076-1315-9569-15745.jpg,2,\\10.18.3.1\home\img_art\4076-1315-9569-15745.jpg | \\10.18.3.1\home\img_art\c08cef94c9cb4143a9e72bfacd5c6cdf\4076-1315-9569-15745.jpg
4134-443-29706-15745.jpg,2,\\10.18.3.1\home\img_art\4134-443-29706-15745.jpg | \\10.18.3.1\home\img_art\c08cef94c9cb4143a9e72bfacd5c6cdf\4134-443-29706-15745.jpg
4134-443-29706-83517.jpg,2,\\10.18.3.1\home\img_art\4134-443-29706-83517.jpg | \\10.18.3.1\home\img_art\c08cef94c9cb4143a9e72bfacd5c6cdf\4134-443-29706-83517.jpg
4134-443-29706-95373.jpg,2,\\10.18.3.1\home\img_art\4134-443-29706-95373.jpg | \\10.18.3.1\home\img_art\c08cef94c9cb4143a9e72bfacd5c6cdf\4134-443-29706-95373.jpg
4136-1102-7815-52531.jpg,2,\\10.18.3.1\home\img_art\4136-1102-7815-52531.jpg | \\10.18.3.1\home\img_art\c08cef94c9cb4143a9e72bfacd5c6cdf\4136-1102-7815-52531.jpg
4136-1113-7800-15745.jpg,2,\\10.18.3.1\home\img_art\4136-1113-7800-15745.jpg | \\10.18.3.1\home\img_art\c08cef94c9cb4143a9e72bfacd5c6cdf\4136-1113-7800-15745.jpg
4136-1113-7800-52531.jpg,2,\\10.18.3.1\home\img_art\4136-1113-7800-52531.jpg | \\10.18.3.1\home\img_art\c08cef94c9cb4143a9e72bfacd5c6cdf\4136-1113-7800-52531.jpg
4136-394-7800-29452.jpg,2,\\10.18.3.1\home\img_art\4136-394-7800-29452.jpg | \\10.18.3.1\home\img_art\c08cef94c9cb4143a9e72bfacd5c6cdf\4136-394-7800-29452.jpg
4136-394-7800-86347.jpg,2,\\10.18.3.1\home\img_art\4136-394-7800-86347.jpg | \\10.18.3.1\home\img_art\c08cef94c9cb4143a9e72bfacd5c6cdf\4136-394-7800-86347.jpg
4136-395-7800-15745.jpg,2,\\10.18.3.1\home\img_art\4136-395-7800-15745.jpg | \\10.18.3.1\home\img_art\c08cef94c9cb4143a9e72bfacd5c6cdf\4136-395-7800-15745.jpg
4136-395-7800-29452.jpg,2,\\10.18.3.1\home\img_art\4136-395-7800-29452.jpg | \\10.18.3.1\home\img_art\c08cef94c9cb4143a9e72bfacd5c6cdf\4136-395-7800-29452.jpg
4198-533-9569-15745.jpg,2,\\10.18.3.1\home\img_art\4198-533-9569-15745.jpg | \\10.18.3.1\home\img_art\c08cef94c9cb4143a9e72bfacd5c6cdf\4198-533-9569-15745.jpg
4198-533-9569-16072.jpg,2,\\10.18.3.1\home\img_art\4198-533-9569-16072.jpg | \\10.18.3.1\home\img_art\c08cef94c9cb4143a9e72bfacd5c6cdf\4198-533-9569-16072.jpg
4198-533-9569-83517.jpg,2,\\10.18.3.1\home\img_art\4198-533-9569-83517.jpg | \\10.18.3.1\home\img_art\c08cef94c9cb4143a9e72bfacd5c6cdf\4198-533-9569-83517.jpg
4198-533-9569-86347.jpg,2,\\10.18.3.1\home\img_art\4198-533-9569-86347.jpg | \\10.18.3.1\home\img_art\c08cef94c9cb4143a9e72bfacd5c6cdf\4198-533-9569-86347.jpg
4198-533-9569-95373.jpg,2,\\10.18.3.1\home\img_art\4198-533-9569-95373.jpg | \\10.18.3.1\home\img_art\c08cef94c9cb4143a9e72bfacd5c6cdf\4198-533-9569-95373.jpg
4198-534-12812-15745.jpg,2,\\10.18.3.1\home\img_art\4198-534-12812-15745.jpg | \\10.18.3.1\home\img_art\c08cef94c9cb4143a9e72bfacd5c6cdf\4198-534-12812-15745.jpg
4198-534-12812-52531.jpg,2,\\10.18.3.1\home\img_art\4198-534-12812-52531.jpg | \\10.18.3.1\home\img_art\c08cef94c9cb4143a9e72bfacd5c6cdf\4198-534-12812-52531.jpg
4198-534-9569-15745.jpg,2,\\10.18.3.1\home\img_art\4198-534-9569-15745.jpg | \\10.18.3.1\home\img_art\c08cef94c9cb4143a9e72bfacd5c6cdf\4198-534-9569-15745.jpg
4198-534-9569-52531.jpg,2,\\10.18.3.1\home\img_art\4198-534-9569-52531.jpg | \\10.18.3.1\home\img_art\c08cef94c9cb4143a9e72bfacd5c6cdf\4198-534-9569-52531.jpg
4198-534-9569-86347.jpg,2,\\10.18.3.1\home\img_art\4198-534-9569-86347.jpg | \\10.18.3.1\home\img_art\c08cef94c9cb4143a9e72bfacd5c6cdf\4198-534-9569-86347.jpg
4202-547-27793-15787.jpg,2,\\10.18.3.1\home\img_art\4202-547-27793-15787.jpg | \\10.18.3.1\home\img_art\c08cef94c9cb4143a9e72bfacd5c6cdf\4202-547-27793-15787.jpg
4202-547-27793-16072.jpg,2,\\10.18.3.1\home\img_art\4202-547-27793-16072.jpg | \\10.18.3.1\home\img_art\c08cef94c9cb4143a9e72bfacd5c6cdf\4202-547-27793-16072.jpg
4202-554-28982-100481.jpg,2,\\10.18.3.1\home\img_art\4202-554-28982-100481.jpg | \\10.18.3.1\home\img_art\c08cef94c9cb4143a9e72bfacd5c6cdf\4202-554-28982-100481.jpg
4202-554-28982-15860.jpg,2,\\10.18.3.1\home\img_art\4202-554-28982-15860.jpg | \\10.18.3.1\home\img_art\c08cef94c9cb4143a9e72bfacd5c6cdf\4202-554-28982-15860.jpg
4202-554-28982-16805.jpg,2,\\10.18.3.1\home\img_art\4202-554-28982-16805.jpg | \\10.18.3.1\home\img_art\c08cef94c9cb4143a9e72bfacd5c6cdf\4202-554-28982-16805.jpg
4283-104-29406-15745.jpg,2,\\10.18.3.1\home\img_art\4283-104-29406-15745.jpg | \\10.18.3.1\home\img_art\c08cef94c9cb4143a9e72bfacd5c6cdf\4283-104-29406-15745.jpg
4283-104-29406-83517.jpg,2,\\10.18.3.1\home\img_art\4283-104-29406-83517.jpg | \\10.18.3.1\home\img_art\c08cef94c9cb4143a9e72bfacd5c6cdf\4283-104-29406-83517.jpg
4283-115-9569-15745.jpg,2,\\10.18.3.1\home\img_art\4283-115-9569-15745.jpg | \\10.18.3.1\home\img_art\c08cef94c9cb4143a9e72bfacd5c6cdf\4283-115-9569-15745.jpg
4283-115-9569-83261.jpg,2,\\10.18.3.1\home\img_art\4283-115-9569-83261.jpg | \\10.18.3.1\home\img_art\c08cef94c9cb4143a9e72bfacd5c6cdf\4283-115-9569-83261.jpg
4283-115-9569-95373.jpg,2,\\10.18.3.1\home\img_art\4283-115-9569-95373.jpg | \\10.18.3.1\home\img_art\c08cef94c9cb4143a9e72bfacd5c6cdf\4283-115-9569-95373.jpg
4283-125-9569-15745.jpg,2,\\10.18.3.1\home\img_art\4283-125-9569-15745.jpg | \\10.18.3.1\home\img_art\c08cef94c9cb4143a9e72bfacd5c6cdf\4283-125-9569-15745.jpg
4316-102-9569-16072.jpg,2,\\10.18.3.1\home\img_art\4316-102-9569-16072.jpg | \\10.18.3.1\home\img_art\c08cef94c9cb4143a9e72bfacd5c6cdf\4316-102-9569-16072.jpg
4316-104-27818-17165.jpg,2,\\10.18.3.1\home\img_art\4316-104-27818-17165.jpg | \\10.18.3.1\home\img_art\c08cef94c9cb4143a9e72bfacd5c6cdf\4316-104-27818-17165.jpg
4316-104-27818-55156.jpg,2,\\10.18.3.1\home\img_art\4316-104-27818-55156.jpg | \\10.18.3.1\home\img_art\c08cef94c9cb4143a9e72bfacd5c6cdf\4316-104-27818-55156.jpg
4321-101-28564-17159.jpg,2,\\10.18.3.1\home\img_art\4321-101-28564-17159.jpg | \\10.18.3.1\home\img_art\c08cef94c9cb4143a9e72bfacd5c6cdf\4321-101-28564-17159.jpg
4321-101-29416-102016.jpg,2,\\10.18.3.1\home\img_art\4321-101-29416-102016.jpg | \\10.18.3.1\home\img_art\c08cef94c9cb4143a9e72bfacd5c6cdf\4321-101-29416-102016.jpg
4321-101-29416-15745.jpg,2,\\10.18.3.1\home\img_art\4321-101-29416-15745.jpg | \\10.18.3.1\home\img_art\c08cef94c9cb4143a9e72bfacd5c6cdf\4321-101-29416-15745.jpg
4323-100-9569-83517.jpg,2,\\10.18.3.1\home\img_art\4323-100-9569-83517.jpg | \\10.18.3.1\home\img_art\c08cef94c9cb4143a9e72bfacd5c6cdf\4323-100-9569-83517.jpg
4323-102-14710-23146.jpg,2,\\10.18.3.1\home\img_art\4323-102-14710-23146.jpg | \\10.18.3.1\home\img_art\c08cef94c9cb4143a9e72bfacd5c6cdf\4323-102-14710-23146.jpg
4324-100-9569-35312.jpg,2,\\10.18.3.1\home\img_art\4324-100-9569-35312.jpg | \\10.18.3.1\home\img_art\c08cef94c9cb4143a9e72bfacd5c6cdf\4324-100-9569-35312.jpg
4324-100-9569-52531.jpg,2,\\10.18.3.1\home\img_art\4324-100-9569-52531.jpg | \\10.18.3.1\home\img_art\c08cef94c9cb4143a9e72bfacd5c6cdf\4324-100-9569-52531.jpg
4324-101-9569-15745.jpg,2,\\10.18.3.1\home\img_art\4324-101-9569-15745.jpg | \\10.18.3.1\home\img_art\c08cef94c9cb4143a9e72bfacd5c6cdf\4324-101-9569-15745.jpg
4324-103-29529-66.jpg,2,\\10.18.3.1\home\img_art\4324-103-29529-66.jpg | \\10.18.3.1\home\img_art\c08cef94c9cb4143a9e72bfacd5c6cdf\4324-103-29529-66.jpg
4328-100-9569-15745.jpg,2,\\10.18.3.1\home\img_art\4328-100-9569-15745.jpg | \\10.18.3.1\home\img_art\c08cef94c9cb4143a9e72bfacd5c6cdf\4328-100-9569-15745.jpg
4328-100-9569-16072.jpg,2,\\10.18.3.1\home\img_art\4328-100-9569-16072.jpg | \\10.18.3.1\home\img_art\c08cef94c9cb4143a9e72bfacd5c6cdf\4328-100-9569-16072.jpg
4328-100-9569-52531.jpg,2,\\10.18.3.1\home\img_art\4328-100-9569-52531.jpg | \\10.18.3.1\home\img_art\c08cef94c9cb4143a9e72bfacd5c6cdf\4328-100-9569-52531.jpg
4328-101-18962-17131.jpg,2,\\10.18.3.1\home\img_art\4328-101-18962-17131.jpg | \\10.18.3.1\home\img_art\c08cef94c9cb4143a9e72bfacd5c6cdf\4328-101-18962-17131.jpg
4328-101-18962-51443.jpg,2,\\10.18.3.1\home\img_art\4328-101-18962-51443.jpg | \\10.18.3.1\home\img_art\c08cef94c9cb4143a9e72bfacd5c6cdf\4328-101-18962-51443.jpg
4328-101-18962-55156.jpg,2,\\10.18.3.1\home\img_art\4328-101-18962-55156.jpg | \\10.18.3.1\home\img_art\c08cef94c9cb4143a9e72bfacd5c6cdf\4328-101-18962-55156.jpg
4328-103-18962-84143.jpg,2,\\10.18.3.1\home\img_art\4328-103-18962-84143.jpg | \\10.18.3.1\home\img_art\c08cef94c9cb4143a9e72bfacd5c6cdf\4328-103-18962-84143.jpg
4328-104-29819-102843.jpg,2,\\10.18.3.1\home\img_art\4328-104-29819-102843.jpg | \\10.18.3.1\home\img_art\c08cef94c9cb4143a9e72bfacd5c6cdf\4328-104-29819-102843.jpg
4328-104-29819-78503.jpg,2,\\10.18.3.1\home\img_art\4328-104-29819-78503.jpg | \\10.18.3.1\home\img_art\c08cef94c9cb4143a9e72bfacd5c6cdf\4328-104-29819-78503.jpg
4802-230-26714-94336.jpg,2,\\10.18.3.1\home\img_art\4802-230-26714-94336.jpg | \\10.18.3.1\home\img_art\c08cef94c9cb4143a9e72bfacd5c6cdf\4802-230-26714-94336.jpg
4829-422-28456-102651.jpg,2,\\10.18.3.1\home\img_art\4829-422-28456-102651.jpg | \\10.18.3.1\home\img_art\c08cef94c9cb4143a9e72bfacd5c6cdf\4829-422-28456-102651.jpg
4829-422-28456-98871.jpg,2,\\10.18.3.1\home\img_art\4829-422-28456-98871.jpg | \\10.18.3.1\home\img_art\c08cef94c9cb4143a9e72bfacd5c6cdf\4829-422-28456-98871.jpg
4842-101-28338-98072.jpg,2,\\10.18.3.1\home\img_art\4842-101-28338-98072.jpg | \\10.18.3.1\home\img_art\c08cef94c9cb4143a9e72bfacd5c6cdf\4842-101-28338-98072.jpg
4842-203-28832-100114.jpg,2,\\10.18.3.1\home\img_art\4842-203-28832-100114.jpg | \\10.18.3.1\home\img_art\c08cef94c9cb4143a9e72bfacd5c6cdf\4842-203-28832-100114.jpg
4846-100-29435-101667.jpg,2,\\10.18.3.1\home\img_art\4846-100-29435-101667.jpg | \\10.18.3.1\home\img_art\c08cef94c9cb4143a9e72bfacd5c6cdf\4846-100-29435-101667.jpg
4846-100-29435-102446.jpg,2,\\10.18.3.1\home\img_art\4846-100-29435-102446.jpg | \\10.18.3.1\home\img_art\c08cef94c9cb4143a9e72bfacd5c6cdf\4846-100-29435-102446.jpg
4914-223-29725-102614.jpg,2,\\10.18.3.1\home\img_art\4914-223-29725-102614.jpg | \\10.18.3.1\home\img_art\c08cef94c9cb4143a9e72bfacd5c6cdf\4914-223-29725-102614.jpg
4914-223-29725-102615.jpg,2,\\10.18.3.1\home\img_art\4914-223-29725-102615.jpg | \\10.18.3.1\home\img_art\c08cef94c9cb4143a9e72bfacd5c6cdf\4914-223-29725-102615.jpg
4915-417-28834-100216.jpg,2,\\10.18.3.1\home\img_art\4915-417-28834-100216.jpg | \\10.18.3.1\home\img_art\c08cef94c9cb4143a9e72bfacd5c6cdf\4915-417-28834-100216.jpg
4916-428-29708-15758.jpg,2,\\10.18.3.1\home\img_art\4916-428-29708-15758.jpg | \\10.18.3.1\home\img_art\c08cef94c9cb4143a9e72bfacd5c6cdf\4916-428-29708-15758.jpg
4916-527-28834-94221.jpg,2,\\10.18.3.1\home\img_art\4916-527-28834-94221.jpg | \\10.18.3.1\home\img_art\c08cef94c9cb4143a9e72bfacd5c6cdf\4916-527-28834-94221.jpg
4929-101-29571-102136.jpg,2,\\10.18.3.1\home\img_art\4929-101-29571-102136.jpg | \\10.18.3.1\home\img_art\c08cef94c9cb4143a9e72bfacd5c6cdf\4929-101-29571-102136.jpg
4929-105-29578-16143.jpg,2,\\10.18.3.1\home\img_art\4929-105-29578-16143.jpg | \\10.18.3.1\home\img_art\c08cef94c9cb4143a9e72bfacd5c6cdf\4929-105-29578-16143.jpg
50056-1-31-15745.jpg,2,\\10.18.3.1\home\img_art\50056-1-31-15745.jpg | \\10.18.3.1\home\img_art\c08cef94c9cb4143a9e72bfacd5c6cdf\50056-1-31-15745.jpg
50056-1-31-43747.jpg,2,\\10.18.3.1\home\img_art\50056-1-31-43747.jpg | \\10.18.3.1\home\img_art\c08cef94c9cb4143a9e72bfacd5c6cdf\50056-1-31-43747.jpg
50056-1-31-52531.jpg,2,\\10.18.3.1\home\img_art\50056-1-31-52531.jpg | \\10.18.3.1\home\img_art\c08cef94c9cb4143a9e72bfacd5c6cdf\50056-1-31-52531.jpg
50056-1-31-95373.jpg,2,\\10.18.3.1\home\img_art\50056-1-31-95373.jpg | \\10.18.3.1\home\img_art\c08cef94c9cb4143a9e72bfacd5c6cdf\50056-1-31-95373.jpg
5109-796-29733-28610.jpg,2,\\10.18.3.1\home\img_art\5109-796-29733-28610.jpg | \\10.18.3.1\home\img_art\c08cef94c9cb4143a9e72bfacd5c6cdf\5109-796-29733-28610.jpg
5287-210-11505-46194.jpg,2,\\10.18.3.1\home\img_art\5287-210-11505-46194.jpg | \\10.18.3.1\home\img_art\c08cef94c9cb4143a9e72bfacd5c6cdf\5287-210-11505-46194.jpg
5287-210-29139-15745.jpg,2,\\10.18.3.1\home\img_art\5287-210-29139-15745.jpg | \\10.18.3.1\home\img_art\c08cef94c9cb4143a9e72bfacd5c6cdf\5287-210-29139-15745.jpg
5287-210-29139-52531.jpg,2,\\10.18.3.1\home\img_art\5287-210-29139-52531.jpg | \\10.18.3.1\home\img_art\c08cef94c9cb4143a9e72bfacd5c6cdf\5287-210-29139-52531.jpg
5296-510-7800-29452.jpg,2,\\10.18.3.1\home\img_art\5296-510-7800-29452.jpg | \\10.18.3.1\home\img_art\c08cef94c9cb4143a9e72bfacd5c6cdf\5296-510-7800-29452.jpg
5333-100-27060-83508.jpg,2,\\10.18.3.1\home\img_art\5333-100-27060-83508.jpg | \\10.18.3.1\home\img_art\c08cef94c9cb4143a9e72bfacd5c6cdf\5333-100-27060-83508.jpg
5333-106-27060-15745.jpg,2,\\10.18.3.1\home\img_art\5333-106-27060-15745.jpg | \\10.18.3.1\home\img_art\c08cef94c9cb4143a9e72bfacd5c6cdf\5333-106-27060-15745.jpg
5333-106-27060-83508.jpg,2,\\10.18.3.1\home\img_art\5333-106-27060-83508.jpg | \\10.18.3.1\home\img_art\c08cef94c9cb4143a9e72bfacd5c6cdf\5333-106-27060-83508.jpg
5333-107-29251-83508.jpg,2,\\10.18.3.1\home\img_art\5333-107-29251-83508.jpg | \\10.18.3.1\home\img_art\c08cef94c9cb4143a9e72bfacd5c6cdf\5333-107-29251-83508.jpg
5333-107-29299-15745.jpg,2,\\10.18.3.1\home\img_art\5333-107-29299-15745.jpg | \\10.18.3.1\home\img_art\c08cef94c9cb4143a9e72bfacd5c6cdf\5333-107-29299-15745.jpg
5333-107-29299-83508.jpg,2,\\10.18.3.1\home\img_art\5333-107-29299-83508.jpg | \\10.18.3.1\home\img_art\c08cef94c9cb4143a9e72bfacd5c6cdf\5333-107-29299-83508.jpg
5338-211-23572-27494.jpg,2,\\10.18.3.1\home\img_art\5338-211-23572-27494.jpg | \\10.18.3.1\home\img_art\c08cef94c9cb4143a9e72bfacd5c6cdf\5338-211-23572-27494.jpg
5338-214-23580-15745.jpg,2,\\10.18.3.1\home\img_art\5338-214-23580-15745.jpg | \\10.18.3.1\home\img_art\c08cef94c9cb4143a9e72bfacd5c6cdf\5338-214-23580-15745.jpg
5338-214-23580-83508.jpg,2,\\10.18.3.1\home\img_art\5338-214-23580-83508.jpg | \\10.18.3.1\home\img_art\c08cef94c9cb4143a9e72bfacd5c6cdf\5338-214-23580-83508.jpg
5338-214-29267-101212.jpg,2,\\10.18.3.1\home\img_art\5338-214-29267-101212.jpg | \\10.18.3.1\home\img_art\c08cef94c9cb4143a9e72bfacd5c6cdf\5338-214-29267-101212.jpg
5338-214-29267-15745.jpg,2,\\10.18.3.1\home\img_art\5338-214-29267-15745.jpg | \\10.18.3.1\home\img_art\c08cef94c9cb4143a9e72bfacd5c6cdf\5338-214-29267-15745.jpg
5346-102-27595-100196.jpg,2,\\10.18.3.1\home\img_art\5346-102-27595-100196.jpg | \\10.18.3.1\home\img_art\c08cef94c9cb4143a9e72bfacd5c6cdf\5346-102-27595-100196.jpg
5346-102-27595-15745.jpg,2,\\10.18.3.1\home\img_art\5346-102-27595-15745.jpg | \\10.18.3.1\home\img_art\c08cef94c9cb4143a9e72bfacd5c6cdf\5346-102-27595-15745.jpg
5346-102-27595-83508.jpg,2,\\10.18.3.1\home\img_art\5346-102-27595-83508.jpg | \\10.18.3.1\home\img_art\c08cef94c9cb4143a9e72bfacd5c6cdf\5346-102-27595-83508.jpg
5346-102-29314-15745.jpg,2,\\10.18.3.1\home\img_art\5346-102-29314-15745.jpg | \\10.18.3.1\home\img_art\c08cef94c9cb4143a9e72bfacd5c6cdf\5346-102-29314-15745.jpg
5346-103-29313-18107.jpg,2,\\10.18.3.1\home\img_art\5346-103-29313-18107.jpg | \\10.18.3.1\home\img_art\c08cef94c9cb4143a9e72bfacd5c6cdf\5346-103-29313-18107.jpg
5346-105-23635-15745.jpg,2,\\10.18.3.1\home\img_art\5346-105-23635-15745.jpg | \\10.18.3.1\home\img_art\c08cef94c9cb4143a9e72bfacd5c6cdf\5346-105-23635-15745.jpg
5346-105-23665-15745.jpg,2,\\10.18.3.1\home\img_art\5346-105-23665-15745.jpg | \\10.18.3.1\home\img_art\c08cef94c9cb4143a9e72bfacd5c6cdf\5346-105-23665-15745.jpg
5346-106-23572-15745.jpg,2,\\10.18.3.1\home\img_art\5346-106-23572-15745.jpg | \\10.18.3.1\home\img_art\c08cef94c9cb4143a9e72bfacd5c6cdf\5346-106-23572-15745.jpg
5346-106-23572-83508.jpg,2,\\10.18.3.1\home\img_art\5346-106-23572-83508.jpg | \\10.18.3.1\home\img_art\c08cef94c9cb4143a9e72bfacd5c6cdf\5346-106-23572-83508.jpg
5346-106-23572-95669.jpg,2,\\10.18.3.1\home\img_art\5346-106-23572-95669.jpg | \\10.18.3.1\home\img_art\c08cef94c9cb4143a9e72bfacd5c6cdf\5346-106-23572-95669.jpg
5346-106-29274-100196.jpg,2,\\10.18.3.1\home\img_art\5346-106-29274-100196.jpg | \\10.18.3.1\home\img_art\c08cef94c9cb4143a9e72bfacd5c6cdf\5346-106-29274-100196.jpg
5346-106-29274-15745.jpg,2,\\10.18.3.1\home\img_art\5346-106-29274-15745.jpg | \\10.18.3.1\home\img_art\c08cef94c9cb4143a9e72bfacd5c6cdf\5346-106-29274-15745.jpg
5349-100-29273-100214.jpg,2,\\10.18.3.1\home\img_art\5349-100-29273-100214.jpg | \\10.18.3.1\home\img_art\c08cef94c9cb4143a9e72bfacd5c6cdf\5349-100-29273-100214.jpg
5349-100-29273-15745.jpg,2,\\10.18.3.1\home\img_art\5349-100-29273-15745.jpg | \\10.18.3.1\home\img_art\c08cef94c9cb4143a9e72bfacd5c6cdf\5349-100-29273-15745.jpg
5349-100-29273-72374.jpg,2,\\10.18.3.1\home\img_art\5349-100-29273-72374.jpg | \\10.18.3.1\home\img_art\c08cef94c9cb4143a9e72bfacd5c6cdf\5349-100-29273-72374.jpg
5349-101-20081-100214.jpg,2,\\10.18.3.1\home\img_art\5349-101-20081-100214.jpg | \\10.18.3.1\home\img_art\c08cef94c9cb4143a9e72bfacd5c6cdf\5349-101-20081-100214.jpg
5349-101-20081-15745.jpg,2,\\10.18.3.1\home\img_art\5349-101-20081-15745.jpg | \\10.18.3.1\home\img_art\c08cef94c9cb4143a9e72bfacd5c6cdf\5349-101-20081-15745.jpg
5349-101-20081-72374.jpg,2,\\10.18.3.1\home\img_art\5349-101-20081-72374.jpg | \\10.18.3.1\home\img_art\c08cef94c9cb4143a9e72bfacd5c6cdf\5349-101-20081-72374.jpg
5349-101-29273-100214.jpg,2,\\10.18.3.1\home\img_art\5349-101-29273-100214.jpg | \\10.18.3.1\home\img_art\c08cef94c9cb4143a9e72bfacd5c6cdf\5349-101-29273-100214.jpg
5349-101-29273-15745.jpg,2,\\10.18.3.1\home\img_art\5349-101-29273-15745.jpg | \\10.18.3.1\home\img_art\c08cef94c9cb4143a9e72bfacd5c6cdf\5349-101-29273-15745.jpg
5349-101-29273-72374.jpg,2,\\10.18.3.1\home\img_art\5349-101-29273-72374.jpg | \\10.18.3.1\home\img_art\c08cef94c9cb4143a9e72bfacd5c6cdf\5349-101-29273-72374.jpg
5349-101-29273-95670.jpg,2,\\10.18.3.1\home\img_art\5349-101-29273-95670.jpg | \\10.18.3.1\home\img_art\c08cef94c9cb4143a9e72bfacd5c6cdf\5349-101-29273-95670.jpg
5350-100-29248-15745.jpg,2,\\10.18.3.1\home\img_art\5350-100-29248-15745.jpg | \\10.18.3.1\home\img_art\c08cef94c9cb4143a9e72bfacd5c6cdf\5350-100-29248-15745.jpg
5350-100-29248-83508.jpg,2,\\10.18.3.1\home\img_art\5350-100-29248-83508.jpg | \\10.18.3.1\home\img_art\c08cef94c9cb4143a9e72bfacd5c6cdf\5350-100-29248-83508.jpg
5350-102-29501-15745.jpg,2,\\10.18.3.1\home\img_art\5350-102-29501-15745.jpg | \\10.18.3.1\home\img_art\c08cef94c9cb4143a9e72bfacd5c6cdf\5350-102-29501-15745.jpg
5350-102-29501-83508.jpg,2,\\10.18.3.1\home\img_art\5350-102-29501-83508.jpg | \\10.18.3.1\home\img_art\c08cef94c9cb4143a9e72bfacd5c6cdf\5350-102-29501-83508.jpg
5350-103-29250-15745.jpg,2,\\10.18.3.1\home\img_art\5350-103-29250-15745.jpg | \\10.18.3.1\home\img_art\c08cef94c9cb4143a9e72bfacd5c6cdf\5350-103-29250-15745.jpg
5350-103-29250-83508.jpg,2,\\10.18.3.1\home\img_art\5350-103-29250-83508.jpg | \\10.18.3.1\home\img_art\c08cef94c9cb4143a9e72bfacd5c6cdf\5350-103-29250-83508.jpg
5429-455-9569-15745.jpg,2,\\10.18.3.1\home\img_art\5429-455-9569-15745.jpg | \\10.18.3.1\home\img_art\-101\5429-455-9569-15745.jpg
5429-455-9569-35312.jpg,2,\\10.18.3.1\home\img_art\5429-455-9569-35312.jpg | \\10.18.3.1\home\img_art\-101\5429-455-9569-35312.jpg
5429-455-9569-52531.jpg,2,\\10.18.3.1\home\img_art\5429-455-9569-52531.jpg | \\10.18.3.1\home\img_art\-101\5429-455-9569-52531.jpg
5429-456-29000-100452.jpg,2,\\10.18.3.1\home\img_art\5429-456-29000-100452.jpg | \\10.18.3.1\home\img_art\-101\5429-456-29000-100452.jpg
5429-456-29000-19026.jpg,2,\\10.18.3.1\home\img_art\5429-456-29000-19026.jpg | \\10.18.3.1\home\img_art\-101\5429-456-29000-19026.jpg
5444-300-9569-15758.jpg,2,\\10.18.3.1\home\img_art\5444-300-9569-15758.jpg | \\10.18.3.1\home\img_art\c08cef94c9cb4143a9e72bfacd5c6cdf\5444-300-9569-15758.jpg
5444-300-9569-52531.jpg,2,\\10.18.3.1\home\img_art\5444-300-9569-52531.jpg | \\10.18.3.1\home\img_art\c08cef94c9cb4143a9e72bfacd5c6cdf\5444-300-9569-52531.jpg
5469-121-26528-15760.jpg,2,\\10.18.3.1\home\img_art\5469-121-26528-15760.jpg | \\10.18.3.1\home\img_art\-101\5469-121-26528-15760.jpg
5496-113-29176-100930.jpg,2,\\10.18.3.1\home\img_art\5496-113-29176-100930.jpg | \\10.18.3.1\home\img_art\-101\5496-113-29176-100930.jpg
5496-113-29176-83241.jpg,2,\\10.18.3.1\home\img_art\5496-113-29176-83241.jpg | \\10.18.3.1\home\img_art\-101\5496-113-29176-83241.jpg
5496-113-29176-99866.jpg,2,\\10.18.3.1\home\img_art\5496-113-29176-99866.jpg | \\10.18.3.1\home\img_art\-101\5496-113-29176-99866.jpg
5504-108-29184-100855.jpg,2,\\10.18.3.1\home\img_art\5504-108-29184-100855.jpg | \\10.18.3.1\home\img_art\-101\5504-108-29184-100855.jpg
5605-434-7800-15758.jpg,2,\\10.18.3.1\home\img_art\5605-434-7800-15758.jpg | \\10.18.3.1\home\img_art\c08cef94c9cb4143a9e72bfacd5c6cdf\5605-434-7800-15758.jpg
5605-434-7800-16072.jpg,2,\\10.18.3.1\home\img_art\5605-434-7800-16072.jpg | \\10.18.3.1\home\img_art\c08cef94c9cb4143a9e72bfacd5c6cdf\5605-434-7800-16072.jpg
5605-434-7800-52531.jpg,2,\\10.18.3.1\home\img_art\5605-434-7800-52531.jpg | \\10.18.3.1\home\img_art\c08cef94c9cb4143a9e72bfacd5c6cdf\5605-434-7800-52531.jpg
5605-463-29464-15745.jpg,2,\\10.18.3.1\home\img_art\5605-463-29464-15745.jpg | \\10.18.3.1\home\img_art\c08cef94c9cb4143a9e72bfacd5c6cdf\5605-463-29464-15745.jpg
5605-463-29464-52531.jpg,2,\\10.18.3.1\home\img_art\5605-463-29464-52531.jpg | \\10.18.3.1\home\img_art\c08cef94c9cb4143a9e72bfacd5c6cdf\5605-463-29464-52531.jpg
5605-463-7800-15758.jpg,2,\\10.18.3.1\home\img_art\5605-463-7800-15758.jpg | \\10.18.3.1\home\img_art\c08cef94c9cb4143a9e72bfacd5c6cdf\5605-463-7800-15758.jpg
5635-879-7800-15758.jpg,2,\\10.18.3.1\home\img_art\5635-879-7800-15758.jpg | \\10.18.3.1\home\img_art\c08cef94c9cb4143a9e72bfacd5c6cdf\5635-879-7800-15758.jpg
5658-538-7800-16072.jpg,2,\\10.18.3.1\home\img_art\5658-538-7800-16072.jpg | \\10.18.3.1\home\img_art\c08cef94c9cb4143a9e72bfacd5c6cdf\5658-538-7800-16072.jpg
5696-304-29524-96942.jpg,2,\\10.18.3.1\home\img_art\5696-304-29524-96942.jpg | \\10.18.3.1\home\img_art\c08cef94c9cb4143a9e72bfacd5c6cdf\5696-304-29524-96942.jpg
5696-332-27793-15745.jpg,2,\\10.18.3.1\home\img_art\5696-332-27793-15745.jpg | \\10.18.3.1\home\img_art\c08cef94c9cb4143a9e72bfacd5c6cdf\5696-332-27793-15745.jpg
5696-332-27793-16072.jpg,2,\\10.18.3.1\home\img_art\5696-332-27793-16072.jpg | \\10.18.3.1\home\img_art\c08cef94c9cb4143a9e72bfacd5c6cdf\5696-332-27793-16072.jpg
5696-335-7800-15758.jpg,2,\\10.18.3.1\home\img_art\5696-335-7800-15758.jpg | \\10.18.3.1\home\img_art\c08cef94c9cb4143a9e72bfacd5c6cdf\5696-335-7800-15758.jpg
5712-205-15216-16072.jpg,2,\\10.18.3.1\home\img_art\5712-205-15216-16072.jpg | \\10.18.3.1\home\img_art\c08cef94c9cb4143a9e72bfacd5c6cdf\5712-205-15216-16072.jpg
5726-115-28969-15745.jpg,2,\\10.18.3.1\home\img_art\5726-115-28969-15745.jpg | \\10.18.3.1\home\img_art\c08cef94c9cb4143a9e72bfacd5c6cdf\5726-115-28969-15745.jpg
5726-115-28969-35312.jpg,2,\\10.18.3.1\home\img_art\5726-115-28969-35312.jpg | \\10.18.3.1\home\img_art\c08cef94c9cb4143a9e72bfacd5c6cdf\5726-115-28969-35312.jpg
5726-142-7800-15745.jpg,2,\\10.18.3.1\home\img_art\5726-142-7800-15745.jpg | \\10.18.3.1\home\img_art\c08cef94c9cb4143a9e72bfacd5c6cdf\5726-142-7800-15745.jpg
5726-142-7800-52531.jpg,2,\\10.18.3.1\home\img_art\5726-142-7800-52531.jpg | \\10.18.3.1\home\img_art\c08cef94c9cb4143a9e72bfacd5c6cdf\5726-142-7800-52531.jpg
5727-134-7800-15745.jpg,2,\\10.18.3.1\home\img_art\5727-134-7800-15745.jpg | \\10.18.3.1\home\img_art\c08cef94c9cb4143a9e72bfacd5c6cdf\5727-134-7800-15745.jpg
5727-137-29783-68062.jpg,2,\\10.18.3.1\home\img_art\5727-137-29783-68062.jpg | \\10.18.3.1\home\img_art\c08cef94c9cb4143a9e72bfacd5c6cdf\5727-137-29783-68062.jpg
5727-138-5881-15745.jpg,2,\\10.18.3.1\home\img_art\5727-138-5881-15745.jpg | \\10.18.3.1\home\img_art\c08cef94c9cb4143a9e72bfacd5c6cdf\5727-138-5881-15745.jpg
5791-100-29665-99478.jpg,2,\\10.18.3.1\home\img_art\5791-100-29665-99478.jpg | \\10.18.3.1\home\img_art\c08cef94c9cb4143a9e72bfacd5c6cdf\5791-100-29665-99478.jpg
5791-100-7800-16072.jpg,2,\\10.18.3.1\home\img_art\5791-100-7800-16072.jpg | \\10.18.3.1\home\img_art\c08cef94c9cb4143a9e72bfacd5c6cdf\5791-100-7800-16072.jpg
5791-100-7800-29452.jpg,2,\\10.18.3.1\home\img_art\5791-100-7800-29452.jpg | \\10.18.3.1\home\img_art\c08cef94c9cb4143a9e72bfacd5c6cdf\5791-100-7800-29452.jpg
5791-102-16288-51743.jpg,2,\\10.18.3.1\home\img_art\5791-102-16288-51743.jpg | \\10.18.3.1\home\img_art\c08cef94c9cb4143a9e72bfacd5c6cdf\5791-102-16288-51743.jpg
5791-110-29013-15745.jpg,2,\\10.18.3.1\home\img_art\5791-110-29013-15745.jpg | \\10.18.3.1\home\img_art\c08cef94c9cb4143a9e72bfacd5c6cdf\5791-110-29013-15745.jpg
5791-110-29013-35312.jpg,2,\\10.18.3.1\home\img_art\5791-110-29013-35312.jpg | \\10.18.3.1\home\img_art\c08cef94c9cb4143a9e72bfacd5c6cdf\5791-110-29013-35312.jpg
5791-110-29013-98514.jpg,2,\\10.18.3.1\home\img_art\5791-110-29013-98514.jpg | \\10.18.3.1\home\img_art\c08cef94c9cb4143a9e72bfacd5c6cdf\5791-110-29013-98514.jpg
5791-111-7800-15745.jpg,2,\\10.18.3.1\home\img_art\5791-111-7800-15745.jpg | \\10.18.3.1\home\img_art\c08cef94c9cb4143a9e72bfacd5c6cdf\5791-111-7800-15745.jpg
5791-111-7800-16072.jpg,2,\\10.18.3.1\home\img_art\5791-111-7800-16072.jpg | \\10.18.3.1\home\img_art\c08cef94c9cb4143a9e72bfacd5c6cdf\5791-111-7800-16072.jpg
5791-113-20221-17689.jpg,2,\\10.18.3.1\home\img_art\5791-113-20221-17689.jpg | \\10.18.3.1\home\img_art\c08cef94c9cb4143a9e72bfacd5c6cdf\5791-113-20221-17689.jpg
5791-113-20221-42092.jpg,2,\\10.18.3.1\home\img_art\5791-113-20221-42092.jpg | \\10.18.3.1\home\img_art\c08cef94c9cb4143a9e72bfacd5c6cdf\5791-113-20221-42092.jpg
5791-114-27922-103016.jpg,2,\\10.18.3.1\home\img_art\5791-114-27922-103016.jpg | \\10.18.3.1\home\img_art\c08cef94c9cb4143a9e72bfacd5c6cdf\5791-114-27922-103016.jpg
5791-114-27922-15745.jpg,2,\\10.18.3.1\home\img_art\5791-114-27922-15745.jpg | \\10.18.3.1\home\img_art\c08cef94c9cb4143a9e72bfacd5c6cdf\5791-114-27922-15745.jpg
5800-103-28969-15745.jpg,2,\\10.18.3.1\home\img_art\5800-103-28969-15745.jpg | \\10.18.3.1\home\img_art\c08cef94c9cb4143a9e72bfacd5c6cdf\5800-103-28969-15745.jpg
5800-103-7800-15745.jpg,2,\\10.18.3.1\home\img_art\5800-103-7800-15745.jpg | \\10.18.3.1\home\img_art\c08cef94c9cb4143a9e72bfacd5c6cdf\5800-103-7800-15745.jpg
5816-100-29464-15758.jpg,2,\\10.18.3.1\home\img_art\5816-100-29464-15758.jpg | \\10.18.3.1\home\img_art\c08cef94c9cb4143a9e72bfacd5c6cdf\5816-100-29464-15758.jpg
5816-100-29464-98514.jpg,2,\\10.18.3.1\home\img_art\5816-100-29464-98514.jpg | \\10.18.3.1\home\img_art\c08cef94c9cb4143a9e72bfacd5c6cdf\5816-100-29464-98514.jpg
5817-102-15197-101743.jpg,2,\\10.18.3.1\home\img_art\5817-102-15197-101743.jpg | \\10.18.3.1\home\img_art\c08cef94c9cb4143a9e72bfacd5c6cdf\5817-102-15197-101743.jpg
5818-100-29685-42070.jpg,2,\\10.18.3.1\home\img_art\5818-100-29685-42070.jpg | \\10.18.3.1\home\img_art\c08cef94c9cb4143a9e72bfacd5c6cdf\5818-100-29685-42070.jpg
5820-100-7800-15758.jpg,2,\\10.18.3.1\home\img_art\5820-100-7800-15758.jpg | \\10.18.3.1\home\img_art\c08cef94c9cb4143a9e72bfacd5c6cdf\5820-100-7800-15758.jpg
5820-100-7800-52531.jpg,2,\\10.18.3.1\home\img_art\5820-100-7800-52531.jpg | \\10.18.3.1\home\img_art\c08cef94c9cb4143a9e72bfacd5c6cdf\5820-100-7800-52531.jpg
5821-100-6000-15758.jpg,2,\\10.18.3.1\home\img_art\5821-100-6000-15758.jpg | \\10.18.3.1\home\img_art\c08cef94c9cb4143a9e72bfacd5c6cdf\5821-100-6000-15758.jpg
5821-101-7800-101321.jpg,2,\\10.18.3.1\home\img_art\5821-101-7800-101321.jpg | \\10.18.3.1\home\img_art\c08cef94c9cb4143a9e72bfacd5c6cdf\5821-101-7800-101321.jpg
5821-101-7800-15758.jpg,2,\\10.18.3.1\home\img_art\5821-101-7800-15758.jpg | \\10.18.3.1\home\img_art\c08cef94c9cb4143a9e72bfacd5c6cdf\5821-101-7800-15758.jpg
5821-101-7800-52531.jpg,2,\\10.18.3.1\home\img_art\5821-101-7800-52531.jpg | \\10.18.3.1\home\img_art\c08cef94c9cb4143a9e72bfacd5c6cdf\5821-101-7800-52531.jpg
5822-100-9569-15758.jpg,2,\\10.18.3.1\home\img_art\5822-100-9569-15758.jpg | \\10.18.3.1\home\img_art\c08cef94c9cb4143a9e72bfacd5c6cdf\5822-100-9569-15758.jpg
5822-102-9569-15758.jpg,2,\\10.18.3.1\home\img_art\5822-102-9569-15758.jpg | \\10.18.3.1\home\img_art\c08cef94c9cb4143a9e72bfacd5c6cdf\5822-102-9569-15758.jpg
60000-102-27615-102123.jpg,2,\\10.18.3.1\home\img_art\60000-102-27615-102123.jpg | \\10.18.3.1\home\img_art\c08cef94c9cb4143a9e72bfacd5c6cdf\60000-102-27615-102123.jpg
60000-102-27615-15745.jpg,2,\\10.18.3.1\home\img_art\60000-102-27615-15745.jpg | \\10.18.3.1\home\img_art\c08cef94c9cb4143a9e72bfacd5c6cdf\60000-102-27615-15745.jpg
60000-102-27615-65891.jpg,2,\\10.18.3.1\home\img_art\60000-102-27615-65891.jpg | \\10.18.3.1\home\img_art\c08cef94c9cb4143a9e72bfacd5c6cdf\60000-102-27615-65891.jpg
6235-1189-28008-56251.jpg,2,\\10.18.3.1\home\img_art\6235-1189-28008-56251.jpg | \\10.18.3.1\home\img_art\-101\6235-1189-28008-56251.jpg
6235-1704-28499-99091.jpg,2,\\10.18.3.1\home\img_art\6235-1704-28499-99091.jpg | \\10.18.3.1\home\img_art\-101\6235-1704-28499-99091.jpg
6235-1706-7286-15745.jpg,2,\\10.18.3.1\home\img_art\6235-1706-7286-15745.jpg | \\10.18.3.1\home\img_art\-101\6235-1706-7286-15745.jpg
6235-1706-7286-95373.jpg,2,\\10.18.3.1\home\img_art\6235-1706-7286-95373.jpg | \\10.18.3.1\home\img_art\-101\6235-1706-7286-95373.jpg
6249-1007-19701-35499.jpg,2,\\10.18.3.1\home\img_art\6249-1007-19701-35499.jpg | \\10.18.3.1\home\img_art\-101\6249-1007-19701-35499.jpg
6262-406-26594-41.jpg,2,\\10.18.3.1\home\img_art\6262-406-26594-41.jpg | \\10.18.3.1\home\img_art\-101\6262-406-26594-41.jpg
6262-406-26594-66.jpg,2,\\10.18.3.1\home\img_art\6262-406-26594-66.jpg | \\10.18.3.1\home\img_art\-101\6262-406-26594-66.jpg
6283-6220-29045-66.jpg,2,\\10.18.3.1\home\img_art\6283-6220-29045-66.jpg | \\10.18.3.1\home\img_art\-101\6283-6220-29045-66.jpg
6292-217-26594-41.jpg,2,\\10.18.3.1\home\img_art\6292-217-26594-41.jpg | \\10.18.3.1\home\img_art\-101\6292-217-26594-41.jpg
6371-167-14710-23146.jpg,2,\\10.18.3.1\home\img_art\6371-167-14710-23146.jpg | \\10.18.3.1\home\img_art\-101\6371-167-14710-23146.jpg
6371-167-14710-66.jpg,2,\\10.18.3.1\home\img_art\6371-167-14710-66.jpg | \\10.18.3.1\home\img_art\-101\6371-167-14710-66.jpg
6371-167-26565-41.jpg,2,\\10.18.3.1\home\img_art\6371-167-26565-41.jpg | \\10.18.3.1\home\img_art\-101\6371-167-26565-41.jpg
6371-167-26565-66.jpg,2,\\10.18.3.1\home\img_art\6371-167-26565-66.jpg | \\10.18.3.1\home\img_art\-101\6371-167-26565-66.jpg
6371-174-14710-66.jpg,2,\\10.18.3.1\home\img_art\6371-174-14710-66.jpg | \\10.18.3.1\home\img_art\-101\6371-174-14710-66.jpg
6371-374-7286-52531.jpg,2,\\10.18.3.1\home\img_art\6371-374-7286-52531.jpg | \\10.18.3.1\home\img_art\-101\6371-374-7286-52531.jpg
6510-111-17466-15745.jpg,2,\\10.18.3.1\home\img_art\6510-111-17466-15745.jpg | \\10.18.3.1\home\img_art\-101\6510-111-17466-15745.jpg
6513-212-29229-66.jpg,2,\\10.18.3.1\home\img_art\6513-212-29229-66.jpg | \\10.18.3.1\home\img_art\-101\6513-212-29229-66.jpg
7016-484-21736-89521.jpg,2,\\10.18.3.1\home\img_art\7016-484-21736-89521.jpg | \\10.18.3.1\home\img_art\c08cef94c9cb4143a9e72bfacd5c6cdf\7016-484-21736-89521.jpg
7016-484-21736-89673.jpg,2,\\10.18.3.1\home\img_art\7016-484-21736-89673.jpg | \\10.18.3.1\home\img_art\c08cef94c9cb4143a9e72bfacd5c6cdf\7016-484-21736-89673.jpg
7016-484-21736-95373.jpg,2,\\10.18.3.1\home\img_art\7016-484-21736-95373.jpg | \\10.18.3.1\home\img_art\c08cef94c9cb4143a9e72bfacd5c6cdf\7016-484-21736-95373.jpg
7057-230-29275-100196.jpg,2,\\10.18.3.1\home\img_art\7057-230-29275-100196.jpg | \\10.18.3.1\home\img_art\c08cef94c9cb4143a9e72bfacd5c6cdf\7057-230-29275-100196.jpg
7057-230-29275-15745.jpg,2,\\10.18.3.1\home\img_art\7057-230-29275-15745.jpg | \\10.18.3.1\home\img_art\c08cef94c9cb4143a9e72bfacd5c6cdf\7057-230-29275-15745.jpg
7057-230-29275-83508.jpg,2,\\10.18.3.1\home\img_art\7057-230-29275-83508.jpg | \\10.18.3.1\home\img_art\c08cef94c9cb4143a9e72bfacd5c6cdf\7057-230-29275-83508.jpg
7072-109-29278-15745.jpg,2,\\10.18.3.1\home\img_art\7072-109-29278-15745.jpg | \\10.18.3.1\home\img_art\c08cef94c9cb4143a9e72bfacd5c6cdf\7072-109-29278-15745.jpg
7072-111-27591-83508.jpg,2,\\10.18.3.1\home\img_art\7072-111-27591-83508.jpg | \\10.18.3.1\home\img_art\c08cef94c9cb4143a9e72bfacd5c6cdf\7072-111-27591-83508.jpg
7072-111-27591-89673.jpg,2,\\10.18.3.1\home\img_art\7072-111-27591-89673.jpg | \\10.18.3.1\home\img_art\c08cef94c9cb4143a9e72bfacd5c6cdf\7072-111-27591-89673.jpg
7072-111-29292-15745.jpg,2,\\10.18.3.1\home\img_art\7072-111-29292-15745.jpg | \\10.18.3.1\home\img_art\c08cef94c9cb4143a9e72bfacd5c6cdf\7072-111-29292-15745.jpg
7076-100-29277-15745.jpg,2,\\10.18.3.1\home\img_art\7076-100-29277-15745.jpg | \\10.18.3.1\home\img_art\c08cef94c9cb4143a9e72bfacd5c6cdf\7076-100-29277-15745.jpg
7076-100-29277-83508.jpg,2,\\10.18.3.1\home\img_art\7076-100-29277-83508.jpg | \\10.18.3.1\home\img_art\c08cef94c9cb4143a9e72bfacd5c6cdf\7076-100-29277-83508.jpg
7078-101-27588-15745.jpg,2,\\10.18.3.1\home\img_art\7078-101-27588-15745.jpg | \\10.18.3.1\home\img_art\c08cef94c9cb4143a9e72bfacd5c6cdf\7078-101-27588-15745.jpg
7078-101-27588-83508.jpg,2,\\10.18.3.1\home\img_art\7078-101-27588-83508.jpg | \\10.18.3.1\home\img_art\c08cef94c9cb4143a9e72bfacd5c6cdf\7078-101-27588-83508.jpg
7078-101-29278-100196.jpg,2,\\10.18.3.1\home\img_art\7078-101-29278-100196.jpg | \\10.18.3.1\home\img_art\c08cef94c9cb4143a9e72bfacd5c6cdf\7078-101-29278-100196.jpg
7078-101-29278-15745.jpg,2,\\10.18.3.1\home\img_art\7078-101-29278-15745.jpg | \\10.18.3.1\home\img_art\c08cef94c9cb4143a9e72bfacd5c6cdf\7078-101-29278-15745.jpg
7078-107-27435-100214.jpg,2,\\10.18.3.1\home\img_art\7078-107-27435-100214.jpg | \\10.18.3.1\home\img_art\c08cef94c9cb4143a9e72bfacd5c6cdf\7078-107-27435-100214.jpg
7078-107-27435-15745.jpg,2,\\10.18.3.1\home\img_art\7078-107-27435-15745.jpg | \\10.18.3.1\home\img_art\c08cef94c9cb4143a9e72bfacd5c6cdf\7078-107-27435-15745.jpg
7078-107-29277-15745.jpg,2,\\10.18.3.1\home\img_art\7078-107-29277-15745.jpg | \\10.18.3.1\home\img_art\c08cef94c9cb4143a9e72bfacd5c6cdf\7078-107-29277-15745.jpg
7082-101-27435-15745.jpg,2,\\10.18.3.1\home\img_art\7082-101-27435-15745.jpg | \\10.18.3.1\home\img_art\c08cef94c9cb4143a9e72bfacd5c6cdf\7082-101-27435-15745.jpg
7082-101-27435-72374.jpg,2,\\10.18.3.1\home\img_art\7082-101-27435-72374.jpg | \\10.18.3.1\home\img_art\c08cef94c9cb4143a9e72bfacd5c6cdf\7082-101-27435-72374.jpg
7082-106-23580-15745.jpg,2,\\10.18.3.1\home\img_art\7082-106-23580-15745.jpg | \\10.18.3.1\home\img_art\c08cef94c9cb4143a9e72bfacd5c6cdf\7082-106-23580-15745.jpg
7084-103-23572-15745.jpg,2,\\10.18.3.1\home\img_art\7084-103-23572-15745.jpg | \\10.18.3.1\home\img_art\c08cef94c9cb4143a9e72bfacd5c6cdf\7084-103-23572-15745.jpg
7085-100-27591-15745.jpg,2,\\10.18.3.1\home\img_art\7085-100-27591-15745.jpg | \\10.18.3.1\home\img_art\c08cef94c9cb4143a9e72bfacd5c6cdf\7085-100-27591-15745.jpg
7085-100-29275-15745.jpg,2,\\10.18.3.1\home\img_art\7085-100-29275-15745.jpg | \\10.18.3.1\home\img_art\c08cef94c9cb4143a9e72bfacd5c6cdf\7085-100-29275-15745.jpg
7085-101-29278-100196.jpg,2,\\10.18.3.1\home\img_art\7085-101-29278-100196.jpg | \\10.18.3.1\home\img_art\c08cef94c9cb4143a9e72bfacd5c6cdf\7085-101-29278-100196.jpg
7085-101-29278-15745.jpg,2,\\10.18.3.1\home\img_art\7085-101-29278-15745.jpg | \\10.18.3.1\home\img_art\c08cef94c9cb4143a9e72bfacd5c6cdf\7085-101-29278-15745.jpg
7085-101-29278-83508.jpg,2,\\10.18.3.1\home\img_art\7085-101-29278-83508.jpg | \\10.18.3.1\home\img_art\c08cef94c9cb4143a9e72bfacd5c6cdf\7085-101-29278-83508.jpg
7085-102-23664-96289.jpg,2,\\10.18.3.1\home\img_art\7085-102-23664-96289.jpg | \\10.18.3.1\home\img_art\c08cef94c9cb4143a9e72bfacd5c6cdf\7085-102-23664-96289.jpg
7085-103-29512-15745.jpg,2,\\10.18.3.1\home\img_art\7085-103-29512-15745.jpg | \\10.18.3.1\home\img_art\c08cef94c9cb4143a9e72bfacd5c6cdf\7085-103-29512-15745.jpg
7123-107-27734-15745.jpg,2,\\10.18.3.1\home\img_art\7123-107-27734-15745.jpg | \\10.18.3.1\home\img_art\-101\7123-107-27734-15745.jpg
7123-107-27734-52531.jpg,2,\\10.18.3.1\home\img_art\7123-107-27734-52531.jpg | \\10.18.3.1\home\img_art\-101\7123-107-27734-52531.jpg
7142-101-26405-96781.jpg,2,\\10.18.3.1\home\img_art\7142-101-26405-96781.jpg | \\10.18.3.1\home\img_art\-101\7142-101-26405-96781.jpg
7142-101-26405-96782.jpg,2,\\10.18.3.1\home\img_art\7142-101-26405-96782.jpg | \\10.18.3.1\home\img_art\-101\7142-101-26405-96782.jpg
7142-102-22020-15745.jpg,2,\\10.18.3.1\home\img_art\7142-102-22020-15745.jpg | \\10.18.3.1\home\img_art\-101\7142-102-22020-15745.jpg
7142-102-22020-84112.jpg,2,\\10.18.3.1\home\img_art\7142-102-22020-84112.jpg | \\10.18.3.1\home\img_art\-101\7142-102-22020-84112.jpg
7142-106-15460-96340.jpg,2,\\10.18.3.1\home\img_art\7142-106-15460-96340.jpg | \\10.18.3.1\home\img_art\-101\7142-106-15460-96340.jpg
7142-106-21793-96782.jpg,2,\\10.18.3.1\home\img_art\7142-106-21793-96782.jpg | \\10.18.3.1\home\img_art\-101\7142-106-21793-96782.jpg
7142-106-21793-96783.jpg,2,\\10.18.3.1\home\img_art\7142-106-21793-96783.jpg | \\10.18.3.1\home\img_art\-101\7142-106-21793-96783.jpg
7142-106-21793-96784.jpg,2,\\10.18.3.1\home\img_art\7142-106-21793-96784.jpg | \\10.18.3.1\home\img_art\-101\7142-106-21793-96784.jpg
7142-118-28859-15745.jpg,2,\\10.18.3.1\home\img_art\7142-118-28859-15745.jpg | \\10.18.3.1\home\img_art\-101\7142-118-28859-15745.jpg
7142-133-28090-97539.jpg,2,\\10.18.3.1\home\img_art\7142-133-28090-97539.jpg | \\10.18.3.1\home\img_art\-101\7142-133-28090-97539.jpg
7142-140-21736-15745.jpg,2,\\10.18.3.1\home\img_art\7142-140-21736-15745.jpg | \\10.18.3.1\home\img_art\-101\7142-140-21736-15745.jpg
7151-102-21177-16808.jpg,2,\\10.18.3.1\home\img_art\7151-102-21177-16808.jpg | \\10.18.3.1\home\img_art\-101\7151-102-21177-16808.jpg
7162-203-21736-15745.jpg,2,\\10.18.3.1\home\img_art\7162-203-21736-15745.jpg | \\10.18.3.1\home\img_art\-101\7162-203-21736-15745.jpg
7162-203-21736-52531.jpg,2,\\10.18.3.1\home\img_art\7162-203-21736-52531.jpg | \\10.18.3.1\home\img_art\-101\7162-203-21736-52531.jpg
7162-203-21736-83517.jpg,2,\\10.18.3.1\home\img_art\7162-203-21736-83517.jpg | \\10.18.3.1\home\img_art\-101\7162-203-21736-83517.jpg
7162-223-24250-66.jpg,2,\\10.18.3.1\home\img_art\7162-223-24250-66.jpg | \\10.18.3.1\home\img_art\-101\7162-223-24250-66.jpg
7174-117-28716-15745.jpg,2,\\10.18.3.1\home\img_art\7174-117-28716-15745.jpg | \\10.18.3.1\home\img_art\-101\7174-117-28716-15745.jpg
7174-117-28716-52531.jpg,2,\\10.18.3.1\home\img_art\7174-117-28716-52531.jpg | \\10.18.3.1\home\img_art\-101\7174-117-28716-52531.jpg
7174-118-21736-15745.jpg,2,\\10.18.3.1\home\img_art\7174-118-21736-15745.jpg | \\10.18.3.1\home\img_art\-101\7174-118-21736-15745.jpg
7174-118-21736-52531.jpg,2,\\10.18.3.1\home\img_art\7174-118-21736-52531.jpg | \\10.18.3.1\home\img_art\-101\7174-118-21736-52531.jpg
7174-118-21736-98363.jpg,2,\\10.18.3.1\home\img_art\7174-118-21736-98363.jpg | \\10.18.3.1\home\img_art\-101\7174-118-21736-98363.jpg
7207-101-24250-66.jpg,2,\\10.18.3.1\home\img_art\7207-101-24250-66.jpg | \\10.18.3.1\home\img_art\-101\7207-101-24250-66.jpg
7357-117-22197-15745.jpg,2,\\10.18.3.1\home\img_art\7357-117-22197-15745.jpg | \\10.18.3.1\home\img_art\c08cef94c9cb4143a9e72bfacd5c6cdf\7357-117-22197-15745.jpg
7358-222-21949-15745.jpg,2,\\10.18.3.1\home\img_art\7358-222-21949-15745.jpg | \\10.18.3.1\home\img_art\c08cef94c9cb4143a9e72bfacd5c6cdf\7358-222-21949-15745.jpg
7358-222-21949-16072.jpg,2,\\10.18.3.1\home\img_art\7358-222-21949-16072.jpg | \\10.18.3.1\home\img_art\c08cef94c9cb4143a9e72bfacd5c6cdf\7358-222-21949-16072.jpg
7395-100-28623-16579.jpg,2,\\10.18.3.1\home\img_art\7395-100-28623-16579.jpg | \\10.18.3.1\home\img_art\c08cef94c9cb4143a9e72bfacd5c6cdf\7395-100-28623-16579.jpg
7400-100-29540-98300.jpg,2,\\10.18.3.1\home\img_art\7400-100-29540-98300.jpg | \\10.18.3.1\home\img_art\c08cef94c9cb4143a9e72bfacd5c6cdf\7400-100-29540-98300.jpg
7402-101-28590-16579.jpg,2,\\10.18.3.1\home\img_art\7402-101-28590-16579.jpg | \\10.18.3.1\home\img_art\c08cef94c9cb4143a9e72bfacd5c6cdf\7402-101-28590-16579.jpg
7402-101-28590-17159.jpg,2,\\10.18.3.1\home\img_art\7402-101-28590-17159.jpg | \\10.18.3.1\home\img_art\c08cef94c9cb4143a9e72bfacd5c6cdf\7402-101-28590-17159.jpg
7402-101-28590-17165.jpg,2,\\10.18.3.1\home\img_art\7402-101-28590-17165.jpg | \\10.18.3.1\home\img_art\c08cef94c9cb4143a9e72bfacd5c6cdf\7402-101-28590-17165.jpg
7402-102-29632-15745.jpg,2,\\10.18.3.1\home\img_art\7402-102-29632-15745.jpg | \\10.18.3.1\home\img_art\c08cef94c9cb4143a9e72bfacd5c6cdf\7402-102-29632-15745.jpg
7402-103-29632-31078.jpg,2,\\10.18.3.1\home\img_art\7402-103-29632-31078.jpg | \\10.18.3.1\home\img_art\c08cef94c9cb4143a9e72bfacd5c6cdf\7402-103-29632-31078.jpg
7402-103-29632-52987.jpg,2,\\10.18.3.1\home\img_art\7402-103-29632-52987.jpg | \\10.18.3.1\home\img_art\c08cef94c9cb4143a9e72bfacd5c6cdf\7402-103-29632-52987.jpg
8224-804-14194-31175.jpg,2,\\10.18.3.1\home\img_art\8224-804-14194-31175.jpg | \\10.18.3.1\home\img_art\-101\8224-804-14194-31175.jpg
8224-846-9830-15745.jpg,2,\\10.18.3.1\home\img_art\8224-846-9830-15745.jpg | \\10.18.3.1\home\img_art\-101\8224-846-9830-15745.jpg
8224-863-22926-70162.jpg,2,\\10.18.3.1\home\img_art\8224-863-22926-70162.jpg | \\10.18.3.1\home\img_art\-101\8224-863-22926-70162.jpg
8246-1176-9569-16072.jpg,2,\\10.18.3.1\home\img_art\8246-1176-9569-16072.jpg | \\10.18.3.1\home\img_art\-101\8246-1176-9569-16072.jpg
8263-969-29039-100428.jpg,2,\\10.18.3.1\home\img_art\8263-969-29039-100428.jpg | \\10.18.3.1\home\img_art\-101\8263-969-29039-100428.jpg
8321-1746-26559-94012.jpg,2,\\10.18.3.1\home\img_art\8321-1746-26559-94012.jpg | \\10.18.3.1\home\img_art\-101\8321-1746-26559-94012.jpg
8360-303-9569-15745.jpg,2,\\10.18.3.1\home\img_art\8360-303-9569-15745.jpg | \\10.18.3.1\home\img_art\-101\8360-303-9569-15745.jpg
8360-303-9569-52531.jpg,2,\\10.18.3.1\home\img_art\8360-303-9569-52531.jpg | \\10.18.3.1\home\img_art\-101\8360-303-9569-52531.jpg
8360-353-26508-23146.jpg,2,\\10.18.3.1\home\img_art\8360-353-26508-23146.jpg | \\10.18.3.1\home\img_art\-101\8360-353-26508-23146.jpg
8360-353-28731-66.jpg,2,\\10.18.3.1\home\img_art\8360-353-28731-66.jpg | \\10.18.3.1\home\img_art\-101\8360-353-28731-66.jpg
8360-360-25135-35469.jpg,2,\\10.18.3.1\home\img_art\8360-360-25135-35469.jpg | \\10.18.3.1\home\img_art\-101\8360-360-25135-35469.jpg
8360-360-25135-99554.jpg,2,\\10.18.3.1\home\img_art\8360-360-25135-99554.jpg | \\10.18.3.1\home\img_art\-101\8360-360-25135-99554.jpg
8367-631-23814-15745.jpg,2,\\10.18.3.1\home\img_art\8367-631-23814-15745.jpg | \\10.18.3.1\home\img_art\-101\8367-631-23814-15745.jpg
8367-641-23819-55156.jpg,2,\\10.18.3.1\home\img_art\8367-641-23819-55156.jpg | \\10.18.3.1\home\img_art\-101\8367-641-23819-55156.jpg
8367-641-25310-19026.jpg,2,\\10.18.3.1\home\img_art\8367-641-25310-19026.jpg | \\10.18.3.1\home\img_art\-101\8367-641-25310-19026.jpg
8379-253-29263-56251.jpg,2,\\10.18.3.1\home\img_art\8379-253-29263-56251.jpg | \\10.18.3.1\home\img_art\-101\8379-253-29263-56251.jpg
8436-213-27217-89092.jpg,2,\\10.18.3.1\home\img_art\8436-213-27217-89092.jpg | \\10.18.3.1\home\img_art\-101\8436-213-27217-89092.jpg
8436-216-12638-16579.jpg,2,\\10.18.3.1\home\img_art\8436-216-12638-16579.jpg | \\10.18.3.1\home\img_art\-101\8436-216-12638-16579.jpg
8455-305-22926-35035.jpg,2,\\10.18.3.1\home\img_art\8455-305-22926-35035.jpg | \\10.18.3.1\home\img_art\-101\8455-305-22926-35035.jpg
8455-305-22926-70162.jpg,2,\\10.18.3.1\home\img_art\8455-305-22926-70162.jpg | \\10.18.3.1\home\img_art\-101\8455-305-22926-70162.jpg
8472-414-29366-23146.jpg,2,\\10.18.3.1\home\img_art\8472-414-29366-23146.jpg | \\10.18.3.1\home\img_art\-101\8472-414-29366-23146.jpg
8472-414-29366-66.jpg,2,\\10.18.3.1\home\img_art\8472-414-29366-66.jpg | \\10.18.3.1\home\img_art\-101\8472-414-29366-66.jpg
8472-415-25883-15745.jpg,2,\\10.18.3.1\home\img_art\8472-415-25883-15745.jpg | \\10.18.3.1\home\img_art\-101\8472-415-25883-15745.jpg
8472-415-25883-52531.jpg,2,\\10.18.3.1\home\img_art\8472-415-25883-52531.jpg | \\10.18.3.1\home\img_art\-101\8472-415-25883-52531.jpg
8472-415-25883-83517.jpg,2,\\10.18.3.1\home\img_art\8472-415-25883-83517.jpg | \\10.18.3.1\home\img_art\-101\8472-415-25883-83517.jpg
8519-109-29262-101127.jpg,2,\\10.18.3.1\home\img_art\8519-109-29262-101127.jpg | \\10.18.3.1\home\img_art\-101\8519-109-29262-101127.jpg
8519-109-29262-93459.jpg,2,\\10.18.3.1\home\img_art\8519-109-29262-93459.jpg | \\10.18.3.1\home\img_art\-101\8519-109-29262-93459.jpg
8519-110-14710-23146.jpg,2,\\10.18.3.1\home\img_art\8519-110-14710-23146.jpg | \\10.18.3.1\home\img_art\-101\8519-110-14710-23146.jpg
8519-110-14710-66.jpg,2,\\10.18.3.1\home\img_art\8519-110-14710-66.jpg | \\10.18.3.1\home\img_art\-101\8519-110-14710-66.jpg
8519-110-9569-15745.jpg,2,\\10.18.3.1\home\img_art\8519-110-9569-15745.jpg | \\10.18.3.1\home\img_art\-101\8519-110-9569-15745.jpg
8519-110-9569-52531.jpg,2,\\10.18.3.1\home\img_art\8519-110-9569-52531.jpg | \\10.18.3.1\home\img_art\-101\8519-110-9569-52531.jpg
8519-110-9569-83517.jpg,2,\\10.18.3.1\home\img_art\8519-110-9569-83517.jpg | \\10.18.3.1\home\img_art\-101\8519-110-9569-83517.jpg
8519-110-9569-83683.jpg,2,\\10.18.3.1\home\img_art\8519-110-9569-83683.jpg | \\10.18.3.1\home\img_art\-101\8519-110-9569-83683.jpg
8519-110-9569-86347.jpg,2,\\10.18.3.1\home\img_art\8519-110-9569-86347.jpg | \\10.18.3.1\home\img_art\-101\8519-110-9569-86347.jpg
8519-110-9569-95373.jpg,2,\\10.18.3.1\home\img_art\8519-110-9569-95373.jpg | \\10.18.3.1\home\img_art\-101\8519-110-9569-95373.jpg
8527-100-9569-15745.jpg,2,\\10.18.3.1\home\img_art\8527-100-9569-15745.jpg | \\10.18.3.1\home\img_art\-101\8527-100-9569-15745.jpg
8527-101-20980-52531.jpg,2,\\10.18.3.1\home\img_art\8527-101-20980-52531.jpg | \\10.18.3.1\home\img_art\-101\8527-101-20980-52531.jpg
8527-103-28129-15745.jpg,2,\\10.18.3.1\home\img_art\8527-103-28129-15745.jpg | \\10.18.3.1\home\img_art\-101\8527-103-28129-15745.jpg
8527-103-28129-52531.jpg,2,\\10.18.3.1\home\img_art\8527-103-28129-52531.jpg | \\10.18.3.1\home\img_art\-101\8527-103-28129-52531.jpg
8529-204-28691-93042.jpg,2,\\10.18.3.1\home\img_art\8529-204-28691-93042.jpg | \\10.18.3.1\home\img_art\-101\8529-204-28691-93042.jpg
8544-103-29005-100524.jpg,2,\\10.18.3.1\home\img_art\8544-103-29005-100524.jpg | \\10.18.3.1\home\img_art\-101\8544-103-29005-100524.jpg
9043-133-23624-100196.jpg,2,\\10.18.3.1\home\img_art\9043-133-23624-100196.jpg | \\10.18.3.1\home\img_art\c08cef94c9cb4143a9e72bfacd5c6cdf\9043-133-23624-100196.jpg
9043-133-23624-15745.jpg,2,\\10.18.3.1\home\img_art\9043-133-23624-15745.jpg | \\10.18.3.1\home\img_art\c08cef94c9cb4143a9e72bfacd5c6cdf\9043-133-23624-15745.jpg
9045-245-23580-100196.jpg,2,\\10.18.3.1\home\img_art\9045-245-23580-100196.jpg | \\10.18.3.1\home\img_art\c08cef94c9cb4143a9e72bfacd5c6cdf\9045-245-23580-100196.jpg
9045-247-23572-15745.jpg,2,\\10.18.3.1\home\img_art\9045-247-23572-15745.jpg | \\10.18.3.1\home\img_art\c08cef94c9cb4143a9e72bfacd5c6cdf\9045-247-23572-15745.jpg
9045-247-23572-83508.jpg,2,\\10.18.3.1\home\img_art\9045-247-23572-83508.jpg | \\10.18.3.1\home\img_art\c08cef94c9cb4143a9e72bfacd5c6cdf\9045-247-23572-83508.jpg
9045-347-20081-15745.jpg,2,\\10.18.3.1\home\img_art\9045-347-20081-15745.jpg | \\10.18.3.1\home\img_art\c08cef94c9cb4143a9e72bfacd5c6cdf\9045-347-20081-15745.jpg
9045-348-23580-15745.jpg,2,\\10.18.3.1\home\img_art\9045-348-23580-15745.jpg | \\10.18.3.1\home\img_art\c08cef94c9cb4143a9e72bfacd5c6cdf\9045-348-23580-15745.jpg
9076-107-20081-15745.jpg,2,\\10.18.3.1\home\img_art\9076-107-20081-15745.jpg | \\10.18.3.1\home\img_art\c08cef94c9cb4143a9e72bfacd5c6cdf\9076-107-20081-15745.jpg
9076-107-20081-72374.jpg,2,\\10.18.3.1\home\img_art\9076-107-20081-72374.jpg | \\10.18.3.1\home\img_art\c08cef94c9cb4143a9e72bfacd5c6cdf\9076-107-20081-72374.jpg
9076-108-23572-15745.jpg,2,\\10.18.3.1\home\img_art\9076-108-23572-15745.jpg | \\10.18.3.1\home\img_art\c08cef94c9cb4143a9e72bfacd5c6cdf\9076-108-23572-15745.jpg
9076-108-23572-35312.jpg,2,\\10.18.3.1\home\img_art\9076-108-23572-35312.jpg | \\10.18.3.1\home\img_art\c08cef94c9cb4143a9e72bfacd5c6cdf\9076-108-23572-35312.jpg
9076-108-23572-83508.jpg,2,\\10.18.3.1\home\img_art\9076-108-23572-83508.jpg | \\10.18.3.1\home\img_art\c08cef94c9cb4143a9e72bfacd5c6cdf\9076-108-23572-83508.jpg
9076-108-23572-95669.jpg,2,\\10.18.3.1\home\img_art\9076-108-23572-95669.jpg | \\10.18.3.1\home\img_art\c08cef94c9cb4143a9e72bfacd5c6cdf\9076-108-23572-95669.jpg
9076-108-23580-100196.jpg,2,\\10.18.3.1\home\img_art\9076-108-23580-100196.jpg | \\10.18.3.1\home\img_art\c08cef94c9cb4143a9e72bfacd5c6cdf\9076-108-23580-100196.jpg
9076-108-23580-15745.jpg,2,\\10.18.3.1\home\img_art\9076-108-23580-15745.jpg | \\10.18.3.1\home\img_art\c08cef94c9cb4143a9e72bfacd5c6cdf\9076-108-23580-15745.jpg
9076-108-23580-35312.jpg,2,\\10.18.3.1\home\img_art\9076-108-23580-35312.jpg | \\10.18.3.1\home\img_art\c08cef94c9cb4143a9e72bfacd5c6cdf\9076-108-23580-35312.jpg
9077-211-27428-15745.jpg,2,\\10.18.3.1\home\img_art\9077-211-27428-15745.jpg | \\10.18.3.1\home\img_art\c08cef94c9cb4143a9e72bfacd5c6cdf\9077-211-27428-15745.jpg
9084-102-23580-15745.jpg,2,\\10.18.3.1\home\img_art\9084-102-23580-15745.jpg | \\10.18.3.1\home\img_art\c08cef94c9cb4143a9e72bfacd5c6cdf\9084-102-23580-15745.jpg
9084-102-23580-83508.jpg,2,\\10.18.3.1\home\img_art\9084-102-23580-83508.jpg | \\10.18.3.1\home\img_art\c08cef94c9cb4143a9e72bfacd5c6cdf\9084-102-23580-83508.jpg
9084-104-23580-15745.jpg,2,\\10.18.3.1\home\img_art\9084-104-23580-15745.jpg | \\10.18.3.1\home\img_art\c08cef94c9cb4143a9e72bfacd5c6cdf\9084-104-23580-15745.jpg
9084-105-23580-100196.jpg,2,\\10.18.3.1\home\img_art\9084-105-23580-100196.jpg | \\10.18.3.1\home\img_art\c08cef94c9cb4143a9e72bfacd5c6cdf\9084-105-23580-100196.jpg
9084-105-23580-15745.jpg,2,\\10.18.3.1\home\img_art\9084-105-23580-15745.jpg | \\10.18.3.1\home\img_art\c08cef94c9cb4143a9e72bfacd5c6cdf\9084-105-23580-15745.jpg
9085-100-27060-83508.jpg,2,\\10.18.3.1\home\img_art\9085-100-27060-83508.jpg | \\10.18.3.1\home\img_art\c08cef94c9cb4143a9e72bfacd5c6cdf\9085-100-27060-83508.jpg
9085-105-27060-15745.jpg,2,\\10.18.3.1\home\img_art\9085-105-27060-15745.jpg | \\10.18.3.1\home\img_art\c08cef94c9cb4143a9e72bfacd5c6cdf\9085-105-27060-15745.jpg
9087-100-29308-15745.jpg,2,\\10.18.3.1\home\img_art\9087-100-29308-15745.jpg | \\10.18.3.1\home\img_art\c08cef94c9cb4143a9e72bfacd5c6cdf\9087-100-29308-15745.jpg
9087-100-29308-83508.jpg,2,\\10.18.3.1\home\img_art\9087-100-29308-83508.jpg | \\10.18.3.1\home\img_art\c08cef94c9cb4143a9e72bfacd5c6cdf\9087-100-29308-83508.jpg
9087-101-23572-15745.jpg,2,\\10.18.3.1\home\img_art\9087-101-23572-15745.jpg | \\10.18.3.1\home\img_art\c08cef94c9cb4143a9e72bfacd5c6cdf\9087-101-23572-15745.jpg
9087-103-18462-15745.jpg,2,\\10.18.3.1\home\img_art\9087-103-18462-15745.jpg | \\10.18.3.1\home\img_art\c08cef94c9cb4143a9e72bfacd5c6cdf\9087-103-18462-15745.jpg
